INSERT INTO member (nickname, email)
values ('박우현', 'hellobread1@googol.com'), --1
       ('이서진', 'hellobread2@googol.com'), --2
       ('최가을', 'hellobread3@googol.com'), --3
       ('김규리', 'hellobread4@googol.com'), --4
       ('박가율', 'hellobread5@googol.com'), --5
       ('지예은', 'hellobread6@googol.com'), --6
       ('박다혜', 'hellobread7@googol.com'), --7
       ('송형주', 'hellobread8@googol.com'), --8
       ('정호철', 'hellobread9@googol.com'), --9
       ('박윤건', 'hellobread10@googol.com'), --10
       ('권한율', 'hellobread11@googol.com'), --11
       ('이루리', 'hellobread12@googol.com'), --12
       ('성민호', 'hellobread13@googol.com'), --13
       ('한수진', 'hellobread14@googol.com'), --14
       ('권빛가람', 'hellobread15@googol.com'), --15
       ('서예은', 'hellobread16@googol.com'), --16
       ('현진우', 'hellobread17@googol.com'), --17
       ('민서영', 'hellobread18@googol.com'), --18
       ('하은지', 'hellobread19@googol.com'), --19
       ('박민규', 'hellobread20@googol.com'), --20
       ('민재호', 'hellobread21@googol.com'), --21
       ('이필현', 'hellobread22@googol.com'), --22
       ('최지연', 'hellobread23@googol.com'), --23
       ('김유원', 'hellobread24@googol.com'), --24
       ('최혜빈', 'hellobread25@googol.com'), --25
       ('안건욱', 'hellobread26@googol.com'), --26
       ('박정우', 'hellobread27@googol.com'), --27
       ('서지율', 'hellobread28@googol.com'), --28
       ('하준수', 'hellobread29@googol.com'), --29
       ('정차홍', 'hellobread30@googol.com'), --30
       ('윤재표', 'hellobread31@googol.com'), --31
       ('문영헌', 'hellobread32@googol.com'), --32
       ('조새벽', 'hellobread33@googol.com'), --33
       ('백효주', 'hellobread34@googol.com'), --34
       ('정가영', 'hellobread35@googol.com'), --35
       ('선우초롱', 'hellobread36@googol.com'), --36
       ('박민준', 'hellobread37@googol.com'),
       ('이도윤', 'hellobread38@googol.com'),
       ('박지호', 'hellobread39@googol.com'),
       ('주하은', 'hellobread40@googol.com'),
       ('정민서', 'hellobread41@googol.com'),
       ('노준우', 'hellobread42@googol.com'),
       ('김도현', 'hellobread43@googol.com'),
       ('하도윤', 'hellobread44@googol.com'),
       ('이은서', 'hellobread45@googol.com'),
       ('하정우', 'hellobread46@googol.com'),
       ('주민재', 'hellobread47@googol.com'),
       ('김하연', 'hellobread48@googol.com'),
       ('윤승우', 'hellobread49@googol.com'),
       ('백하린', 'hellobread50@googol.com'),
       ('이지안', 'hellobread51@googol.com'),
       ('김서아', 'hellobread52@googol.com'),
       ('박윤아', 'hellobread53@googol.com'),
       ('방시유', 'hellobread54@googol.com'),
       ('차유찬', 'hellobread55@googol.com'),
       ('방수호', 'hellobread56@googol.com'),
       ('탁준영', 'hellobread57@googol.com'),
       ('영지환', 'hellobread58@googol.com'),
       ('안유진', 'hellobread59@googol.com'),
       ('배연우', 'hellobread60@googol.com'),
       ('김다인', 'hellobread61@googol.com'),
       ('유하나', 'hellobread62@googol.com'),
       ('배소윤', 'hellobread63@googol.com');


-- region 데이터는 혼선을 방지하기 위해 id를 추가하여 기입(없어도 정상적으로 동작함)
INSERT INTO region (id, region_name, parent_id)
values (1, '서울시', NULL),
       (2, '강남구', 1),
       (3, '서초구', 1),
       (4, '용산구', 1),
       (5, '강동구', 1),
       (6, '노원구', 1),
       (7, '송파구', 1),
       (8, '인천광역시', NULL),
       (9, '남동구', 8),
       (10, '부평구', 8),
       (11, '계양구', 8),
       (12, '서구', 8),
       (13, '대구광역시', NULL),
       (14, '북구', 13),
       (15, '서구', 13),
       (16, '남구', 13),
       (17, '중구', 13),
       (18, '달서구', 13),
       (19, '세종특별자치시', NULL),
       (20, '한솔동', 19),
       (21, '도담동', 19),
       (22, '새롬동', 19),
       (23, '다정동', 19),
       (24, '반곡동', 19),
       (25, '광주광역시', NULL),
       (26, '동구', 25),
       (27, '서구', 25),
       (28, '남구', 25),
       (29, '북구', 25),
       (30, '광산구', 25),
       (31, '부산광역시', NULL),
       (32, '영도구', 31),
       (33, '부산진구', 31),
       (34, '해운대구', 31),
       (35, '사하구', 31),
       (36, '금정구', 31),
       (37, '제주특별자치도', NULL),
       (38, '한경면', 37),
       (39, '한림읍', 37),
       (40, '애월읍', 37),
       (41, '조천읍', 37),
       (42, '구좌읍', 37);


INSERT INTO store (address, created_at, img, introduction, last_modified_at, phone_num, rating, store_name, region_id, running_time)
values ('서울 송파구 백제고분로46길 11 1층', '2022-08-16T17:30:57', 'https://img1.kakaocdn.net/cthumb/local/R1920x0/?fname=https%3A%2F%2Fpostfiles.pstatic.net%2FMjAyMjAzMTBfMTcz%2FMDAxNjQ2OTE4MDM2NDY5.XLg7OrJgyEUIsOPkhIqNj1bGx8-sjKdBHaK2xAiZiKkg.285HxZw37oN8ZyQeZ1edLfwrVT5IuYFKngOJMRFYSVAg.JPEG.jkm0484%2FIMG_4567.jpg%3Ftype%3Dw966', '맛있는 빵집이에요', '2022-08-16T17:30:57', '02-417-0855', '4.1', '김태우과자점', 7, '06:00 ~ 20:00'),
       ('서울 강남구 선릉로111길 5', '2022-08-16T17:30:57', 'https://img1.kakaocdn.net/cthumb/local/R1920x0/?fname=http%3A%2F%2Ft1.daumcdn.net%2Flocal%2FkakaomapPhoto%2Freview%2Ff9775f1b7074a2b58c10a6d941069312164f5d1b%3Foriginal', '진심과 실력이 담긴 해피해피케이크 만의 제품을 추구하는 곳!', '2022-08-16T17:30:57', '02-547-1181', '4.2', '해피해피케이크', 2, '08:00 ~ 21:00'),
       ('서울 서초구 서초중앙로 110 롯데캐슬메디치 1층 104호', '2022-08-16T17:30:57', 'https://img1.kakaocdn.net/cthumb/local/R1920x0/?fname=https%3A%2F%2Fpostfiles.pstatic.net%2FMjAyMjA2MjJfMjYx%2FMDAxNjU1ODkyNjg0NzA1.mHAzchdkGm6fqhfUlHBZVYfmybRpBlApRzpZnh2vUusg.165tksruvjen-eruT9FIsY58tNF-LXLMo8cvwRKgU_4g.JPEG.1nashin%2FIMG_6501.jpg%3Ftype%3Dw966', '볼 수 있는 너무너무 이쁜 수제 케이크 맛집', '2022-08-16T17:30:57', '010-4074-8646', '4.3', '챱챱케이크', 3, '11:00 ~ 23:30'),
       ('서울 용산구 녹사평대로 244-1 1층', '2022-08-18T19:23:54', 'https://img1.kakaocdn.net/cthumb/local/R1920x0/?fname=http%3A%2F%2Ft1.daumcdn.net%2Flocal%2FkakaomapPhoto%2Freview%2Fcde0280d30ff923decad07799447040dbbd3c185%3Foriginal', '홈메이드 브레드와 브런치가 맛있는 곳', '2022-08-18T20:18:42', '070-7717-3501', '4.9', '더베이커스테이블', 4, '07:00 ~ 18:00'),
       ('서울 강동구 진황도로 150 1층 ', '2022-08-10T09:11:30', 'https://img1.kakaocdn.net/cthumb/local/R1920x0/?fname=https%3A%2F%2Fpostfiles.pstatic.net%2FMjAyMzA3MjBfMjA4%2FMDAxNjg5ODM4MjEyNjcz.RIUYO4v9HknZDcVHsgyjB9XTvJajHIRXOna4c4lpQpQg.73DWFt_RQMLikwjhxHKpin0wsbi4McL_51FtuRHIt1kg.JPEG.happy102515%2FIMG_9301.JPG%3Ftype%3Dw966', '온전히 나만의, 자유로운 시간 카페 여가', '2022-08-10T09:11:30', '02-6397-0178', '5.0', '카페여가', 5, '10:00 ~ 20:00'),
       ('서울 노원구 노원로 456 백암빌딩 1층', '2022-08-29T23:01:06', 'https://img1.kakaocdn.net/cthumb/local/R1920x0/?fname=http%3A%2F%2Ft1.daumcdn.net%2Fplace%2F3619C7EA712745FB9632A355012E423C', '유기농 밀, 천연 발효, 건강빵을 생산하는 달콤제빵소 노원점입니다.', '2022-08-30T09:11:30', '0507-1353-6412', '4.8', '달콤제빵소', 6, '07:00 ~ 18:00'),
       ('서울 강동구 올림픽로 624 1층', '2022-08-21T16:08:56', 'https://img1.kakaocdn.net/cthumb/local/R1920x0/?fname=http%3A%2F%2Ft1.daumcdn.net%2Fplace%2F9DC6FC1369A14E958A8983A13C266E0D', '자신있게 추천할 수 있는 디저트 케이크 빵집', '2022-08-21T16:08:56', '02-6439-6718', '4.1', '블랑제리11-17', 5, '05:00 ~ 23:45'),
       ('인천 남동구 성말로13번길 56-1 1층', '2022-08-21T11:25:36', 'https://img1.kakaocdn.net/cthumb/local/R1920x0/?fname=http%3A%2F%2Ft1.daumcdn.net%2Flocal%2FkakaomapPhoto%2Freview%2Fb3311b1688012fa2018fa6a8108ddcd1b525a30f%3Foriginal', '케이크 좋아하세요?', '2022-08-21T19:32:41', '0507-1405-0320', '4.1', '유하나케이크', 9, '08:00 ~ 20:00'),
       ('인천 부평구 부흥북로6번길 5 센트럴아파트 1층', '2022-08-31T14:11:59', 'https://img1.kakaocdn.net/cthumb/local/R1920x0/?fname=http%3A%2F%2Ft1.daumcdn.net%2Fplace%2FBE065983582D47C98FDF915B7DF8B65E', '쌀빵전문점이며, 유기농 밀가루를 사용하고 모든 빵 반죽에서 하늘마를 갈아 넣어 소화가 잘 되는 빵집입니다.', '2022-09-02T11:11:11', '032-362-6380', '4.7', '베아또과자점', 10, '10:30 ~ 21:00'),
       ('인천 계양구 계산시장길 27 1층', '2022-08-31T03:25:12', 'https://img1.kakaocdn.net/cthumb/local/R1920x0/?fname=http%3A%2F%2Ft1.daumcdn.net%2Flocal%2FkakaomapPhoto%2Freview%2Fe10470d59d40184c36048cb1d43bf44258516f9d%3Foriginal', '매일 매장에서 건강하고 맛있는 디저트를 준비합니다', '2022-08-31T03:25:12', '0507-1343-9512', '5.0', '야밀리', 11, '00:00 ~ 23:59'),
       ('인천 서구 청라커낼로329번길 9 SJ청라빌 1층 102호', '2022-08-10T19:47:38', 'https://img1.kakaocdn.net/cthumb/local/R1920x0/?fname=http%3A%2F%2Ft1.daumcdn.net%2Flocal%2FkakaomapPhoto%2Freview%2F033d339f46954291bdfac8588b0068b33b3cd0c0%3Foriginal', '매일 먹기에 부담이 없고 자극적이지 않으면서 오래도록 맛있게 먹을 수 있는 빵과 디저트를 위해 노력하겠습니다:)', '2022-08-10T19:47:38', '070-4038-6690', '4.1', '미들웨이', 12, '07:00 ~ 18:00'),
       ('대구 북구 동천로24길 17 신정빌딩 1층 101호', '2022-08-14T10:56:20', 'https://img1.kakaocdn.net/cthumb/local/R1920x0/?fname=https%3A%2F%2Fpostfiles.pstatic.net%2FMjAyMjExMTdfMTU5%2FMDAxNjY4NjQzMDkwMjU0.DV9i5zj75hkRMThTfy2RKQ72bJD7yiKvLR_I41DlVWog.xKgntMknsMInMvJb3P_iIKwGpIUEw55v6xq2C_gYwuQg.JPEG.01095957269%2FIMG_5669.JPG%3Ftype%3Dw773', '아침을 기다리는 빵입니다', '2022-08-14T10:56:20', '01000000000', '4.3', '아침을기다리는빵', 14, '05:00 ~ 17:00'),
       ('대구 서구 국채보상로48길 5', '2022-08-20T05:15:45', 'https://img1.kakaocdn.net/cthumb/local/R1920x0/?fname=https%3A%2F%2Fpostfiles.pstatic.net%2FMjAyMjA5MTJfNjQg%2FMDAxNjYyOTUwNzU2OTcx.eAbgCST1zl1ngnVVEmUJF_BKjuqCSL5pMy2dCXaAci4g.QLnSUcvXQnRRubS-WO-3rg4VH2fgpVuOQ48PKHc8YFcg.JPEG.minhee2121%2FSE-5eb77afc-30ff-11ed-bca8-e9822b8bb24a.jpg%3Ftype%3Dw966', '느리게 천천히 저온숙성하여 천연발효빵을 만드는 집', '2022-08-20T05:15:45', '053-525-3455', '5.0', '베이커스55', 15, '05:00 ~ 18:00'),
       ('대구 남구 현충로 41-3', '2022-08-08T08:33:56', 'https://img1.kakaocdn.net/cthumb/local/R1920x0/?fname=https%3A%2F%2Fpostfiles.pstatic.net%2FMjAyMjExMDZfMTM4%2FMDAxNjY3NzM2MTM1NDAw.5SJrJ5em8CasnLSKQ2V16CQsi1JSBFdd-6L_831cRHkg.WrD6cS6xsP4bHn2vzoP98Mgfpl_i1aIkVnmBG7ETpiIg.JPEG.xoxo2005%2FIMG_3176.jpg%3Ftype%3Dw773', '촉촉하고 부드러운 케이크', '2022-08-08T09:37:51', '070-4042-4525', '4.8', '크래프터', 16, '08:00 ~ 20:00'),
       ('대구 중구 약령길 76', '2022-08-30T18:49:04', 'https://img1.kakaocdn.net/cthumb/local/R1920x0/?fname=http%3A%2F%2Ft1.daumcdn.net%2Flocal%2FkakaomapPhoto%2Freview%2Ffb868cd76c5dec5288a6204b9c6d1d2e0122a9b2%3Foriginal', '#DM은 확인이 느리니 매장으로 문의해주세요.', '2022-08-30T20:31:51', '053-253-7176', '4.6', '레브슈크레', 17, '09:00 ~ 18:00'),
       ('대구 달서구 신당로 59 성서주공임대아파트 복합상가동 108호', '2022-08-24T00:37:29', 'https://img1.kakaocdn.net/cthumb/local/R1920x0/?fname=http%3A%2F%2Ft1.kakaocdn.net%2Fmystore%2FCD3D3D8C91A5408E8044D17745FC1D04', '11시에 모든빵 나와요 식빵은 12시', '2022-08-24T00:50:09', '053-581-6832', '4.5', '율베이커리', 18, '08:00 ~ 16:00'),
       ('세종특별자치시 노을1로 16 첫마을 2단지 상가 159호', '2022-08-11T14:08:37', 'https://img1.kakaocdn.net/cthumb/local/R1920x0/?fname=http%3A%2F%2Fpostfiles1.naver.net%2FMjAyMTAyMTlfMjUw%2FMDAxNjEzNzM0NDg5Mzg5.u0efOrdUS7xvc4RnUCkqTLQxQwcCp2PTLd6J13XMat0g.kvCHXD5cgedq-dfpOuiNry-D5oP8Q6gWZsrjk0NCa8Qg.JPEG.wlalddld%2FIMG_5457.jpg%3Ftype%3Dw966', '세종플러스마트내에 입점되어 있습니다', '2022-08-11T14:08:37', '044-865-7886', '4.9', '한스브레드', 20, '08:00 ~ 19:00'),
       ('세종특별자치시 보듬4로 9 도램마을11단지 카림애비뉴1 1층 14~16호', '2022-08-19T13:42:01', 'https://img1.kakaocdn.net/cthumb/local/R1920x0/?fname=http%3A%2F%2Ft1.daumcdn.net%2Fplace%2F0435A6295E6F48EDA5F8A13785DF4879', '당일판매 원칙 방부제를 사용하지 않습니다.', '2022-08-19T13:42:01', '044-868-3560', '3.4', '다쿠아즈', 21, '05:00 ~ 21:00'),
       ('세종특별자치시 새롬로 32 근린생활시설 B동 1층 106호', '2022-08-13T21:27:18', 'https://img1.kakaocdn.net/cthumb/local/R1920x0/?fname=https%3A%2F%2Fpostfiles.pstatic.net%2FMjAyMjExMDhfMTEx%2FMDAxNjY3OTA3Mjc2MTYw.CmrM8hsJfY1xsBBQcGZkfU2-ozvRrwop14GdyUse9_wg.edXJTai0czT9d7M8OTXJjr0Ev8tIFxOoRjwMA7osT-8g.JPEG.yeondu_flower%2F20221026_114114.jpg%3Ftype%3Dw773', '자연의 리듬을 일상에 전합니다.', '2022-08-13T22:11:09', '0507-1336-2338', '4.8', '밭으로', 22, '09:00 ~ 20:00'),
       ('세종특별자치시 다정중앙로 45 다정프라자 1층 107호', '2022-08-26T23:59:59', 'https://img1.kakaocdn.net/cthumb/local/R1920x0/?fname=http%3A%2F%2Ft1.daumcdn.net%2Fplace%2FF9FDEE074EC14A928858CD34DBA72AC6', '건물 내 주차 가능합니다!', '2022-08-26T23:59:59', '0507-1322-3477', '3.3', '첼시베이커리', 23, '06:00 ~ 18:00'),
       ('세종특별자치시 소담8로 22 새샘마을 8단지 근린생활시설 3동 1층 71호', '2022-08-22T11:04:45', 'https://img1.kakaocdn.net/cthumb/local/R1920x0/?fname=https%3A%2F%2Fpostfiles.pstatic.net%2FMjAyMzA4MDVfMTMz%2FMDAxNjkxMjQyMTY1MDMz.LjBWfDOWItYupHtIJR-rgC11-rietvuxHXswH9nqZvYg.ohGf481MeS16n0zmBGpOWvqfSo478eEsgJ21aIb1o1Eg.JPEG.minjukim124%2FIMG_0494.JPG%3Ftype%3Dw580', '새샘유치원 맞은편에 위치해 있습니다!', '2022-08-22T19:00:52', '070-5029-5176', '4.9', '르쁘띠파티세리', 24, '08:00 ~ 21:00'),
       ('광주 동구 동계천로 166', '2022-09-01T19:11:59', 'https://img1.kakaocdn.net/cthumb/local/R1920x0/?fname=http%3A%2F%2Ft1.daumcdn.net%2Flocal%2FkakaomapPhoto%2Freview%2F0b40e8874c041c6b6f47a5c7d1fe71d61e77657b%3Foriginal', '#비건베이커리 #수제케이크 #케이크주문제작', '2022-09-02T04:11:11', '062-224-3777', '3.9', '윤슬베이커리', 26, '08:00 ~ 20:30'),
       ('광주 서구 마륵복개로150번길 31', '2022-09-01T23:45:12', 'https://img1.kakaocdn.net/cthumb/local/R1920x0/?fname=http%3A%2F%2Ft1.daumcdn.net%2Fplace%2FAAEE8C2777DD43F6AEEF5CB209BC39C4', '동명식빵에 이어 마륵동, 상무지구에서도 부드러운 식빵과 스콘을 맛보실 수 있는 마륵동 빵가게 입니다.', '2022-09-02T00:00:23', '062-452-2803', '3.5', '마륵동빵가게', 27, '09:00 ~ 22:00'),
       ('광주 남구 봉선로51번길 36-2 1층', '2022-09-01T10:36:27', 'https://img1.kakaocdn.net/cthumb/local/R1920x0/?fname=http%3A%2F%2Ft1.daumcdn.net%2Fplace%2F063CDEAEF0A94CFCA19157FC72EE98E9', '#봉선동카페 #베이글 #소금빵 #커피 #광주베이글', '2022-09-01T10:36:27', '0507-1489-2043', '4.5', '씨리알르', 28, '09:00 ~ 21:30'),
       ('광주 북구 용봉택지로 39 G플레이스 1층 103호', '2022-09-01T14:59:08', 'https://img1.kakaocdn.net/cthumb/local/R1920x0/?fname=http%3A%2F%2Ft1.daumcdn.net%2Fplace%2F816A781546E44097A08F24C9732D4E15', '천연발효종을 사용하여 유기농 밀가루로 저온숙성시켜 만든 건강하고 맛있는 빵을 만들기 위해 노력하는 식사빵 전문점입니다.', '2022-09-01T14:59:08', '0507-1446-0215', '4.5', '광수빵집', 29, '06:00 ~ 21:00'),
       ('광주 광산구 송정로8번길 2 1층', '2022-09-01T05:22:33', 'https://img1.kakaocdn.net/cthumb/local/R1920x0/?fname=https%3A%2F%2Ft1.daumcdn.net%2Flocal%2Freview_placeapp%2Fbtqhytl1YmC_DF3ioNmjrBdSZI4fvwqFi0_img.jpg', '1913송정역시장입구에 있습니다.', '2022-09-01T09:11:00', '0507-1443-8050', '3.8', '썬베이커리', 30, '06:00 ~ 19:00'),
       ('부산 영도구 일산봉로 31', '2022-09-01T17:07:51', 'https://img1.kakaocdn.net/cthumb/local/R1920x0/?fname=http%3A%2F%2Ft1.daumcdn.net%2Fplace%2FF65A1A54A9354895A193FF6438DBBA9A', '청학동 광진교회옆 광명고 후문~~', '2022-09-02T13:11:26', '0507-1393-9155', '5.0', '전성호쌀빵제빵소', 32, '11:00 ~ 23:30'),
       ('부산 부산진구 중앙대로680번가길 38 1층 111호', '2022-09-01T07:14:42', 'https://img1.kakaocdn.net/cthumb/local/R1920x0/?fname=http%3A%2F%2Ft1.daumcdn.net%2Flocal%2FkakaomapPhoto%2Freview%2Ff54c8d67750b81cff6bf46bf10e5aac6a65903ef%3Foriginal', '크로와상 페스츄리 전문 베이커리', '2022-09-01T09:00:57', '0507-1412-0672', '4.3', '라푀유크로와상', 33, '10:00 ~ 23:00'),
       ('부산 해운대구 해운대로781번길 16 신화하니엘타워 1층 101, 102, 108호', '2022-09-01T21:30:15', 'https://img1.kakaocdn.net/cthumb/local/R1920x0/?fname=https%3A%2F%2Fpostfiles.pstatic.net%2FMjAyMzA4MDFfMTY0%2FMDAxNjkwODkyNzI3OTEw.RxLDf_SpFuHkklpBKUgbuWgMcHwWvNXbM_VzUMtmoX4g.Q7gRGI4deOMtQxDYOxSg12t9HvtVWPzCX0WjqgHAlHIg.JPEG.wkfgkwkghkdlxld%2FIMG_3925.jpg%3Ftype%3Dw773', '한정수량 단팥빵이 맛있는 장산 베이커리', '2022-09-01T22:00:08', '0507-1333-0883', '4.2', '빵다무르', 34, '08:00 ~ 22:00'),
       ('부산 사하구 사하로 204', '2022-09-01T15:42:59', 'https://img1.kakaocdn.net/cthumb/local/R1920x0/?fname=http%3A%2F%2Ft1.daumcdn.net%2Fplace%2F316BB0C7947545508A0BD08F19F72192', '어머니께 드리는 마음으로 정성껏 만들겠습니다.', '2022-09-01T15:42:59', '051-203-6489', '4.4', '리우', 35, '07:00 ~ 21:00'),
       ('부산 금정구 금정로119번길 14 1층', '2022-09-01T03:25:37', 'https://img1.kakaocdn.net/cthumb/local/R1920x0/?fname=http%3A%2F%2Ft1.daumcdn.net%2Flocal%2FkakaomapPhoto%2Freview%2F85861394aab7d6a0fbbaa7339cf478aaee1e540f%3Foriginal', '소사베이커리는 모두에게 익숙한 빵이라는 소재로 사람들에게 다가갑니다.', '2022-09-01T03:25:37', '010-4530-2321', '4.9', '소사베이커리 부산점', 36, '07:00 ~ 20:00'),
       ('제주특별자치도 제주시 한경면 두신로 88-1 2층', '2022-09-01T12:08:04', 'https://img1.kakaocdn.net/cthumb/local/R1920x0/?fname=http%3A%2F%2Ft1.kakaocdn.net%2Fmystore%2F179F8FDF1660410CBA7235B866C27656', '유기농 밀가루로 매일굽는 신선한 수제빵.', '2022-09-01T12:25:06', '070-4222-7771', '4.9', '이층빵집굽는아방', 38, '08:00 ~ 23:00'),
       ('제주특별자치도 제주시 한림읍 명월성로 16 1층', '2022-09-01T08:50:21', 'https://img1.kakaocdn.net/cthumb/local/R1920x0/?fname=https%3A%2F%2Fpostfiles.pstatic.net%2FMjAyMjA5MDFfMjUy%2FMDAxNjYyMDI0NzM2Mjk1.e4z7duBj2lEzV22aE1OR2TJlk5_MaL1oH8NtrMdlnX8g.SdZ6hENlUkvXS7dufiq9e2mVvQ4cEYsmnQRoGhg_HkMg.PNG.sumpine%2Fimage.png%3Ftype%3Dw773', '건너편 공터에 주차해주세요', '2022-09-01T08:50:21', '0507-1414-2343', '3.6', '이익새양과점', 39, '08:00 ~ 22:00'),
       ('제주특별자치도 제주시 애월읍 고성서3길 15-5 상가동 101호', '2022-09-01T18:33:49', 'https://img1.kakaocdn.net/cthumb/local/R1920x0/?fname=https%3A%2F%2Fpostfiles.pstatic.net%2FMjAyMzA4MjlfNzYg%2FMDAxNjkzMjkwOTg5NDY2._sEGvHDrJ40dyFixXflAfSMlr1NNbtLRptiLTvAemy4g.kE59FU-zt_KaULN7gO68ioOpV1g9TEvXMA43WJx5BdYg.JPEG.moo7302%2FIMG_4131.jpg%3Ftype%3Dw773', '제주에서 재배한 밀을 사용하여 맛있는 빵을 만들고 있습니다.', '2022-09-02T11:45:31', '0507-1357-8109', '4.2', '제주밀팡제빵소', 40, '07:00 ~ 23:00'),
       ('제주특별자치도 제주시 조천읍 조함해안로 552-3 1층', '2022-09-01T09:27:58', 'https://img1.kakaocdn.net/cthumb/local/R1920x0/?fname=http%3A%2F%2Ft1.daumcdn.net%2Fplace%2F79F442282AE545208ED2357EEF99EFE7', '제주도 빵지순례 맛집', '2022-09-01T09:27:58', '064-784-5404', '4.6', '오드랑베이커리', 41, '07:00 ~ 22:00'),
       ('제주특별자치도 제주시 구좌읍 김녕로 77-3 가,나,다동', '2022-09-01T13:19:05', 'https://img1.kakaocdn.net/cthumb/local/R1920x0/?fname=http%3A%2F%2Ft1.daumcdn.net%2Flocal%2FkakaomapPhoto%2Freview%2F8422a206e8e3844bb87b563468cab0cdb47d8180%3Foriginal', '빵 재고 소진시 마감하오니 3시이후 방문 예정이실 경우 전화 부탁드립니다!', '2022-09-02T11:10:28', '010-6318-0218', '4.9', '김녕빵집', 42, '08:00 ~ 16:00');


INSERT INTO review (rating, content, img, store_id, created_at, last_modified_at, member_id)
values (4, '맛있어용 진짜루', NULL, 1, '2022-09-01T07:22:17', '2022-09-01T09:25:00', 1),
       (3, '맛은 있는데 뭐라 말해야할지 잘 모르겠어요', 'http:', 1, '2022-09-01T10:30:00', '2022-09-01T12:45:00', 2),
       (1, '맛 있다는 리뷰 보고 샀는데.. 맛이야 개인 취향이라고는 하지만 저는 너무 별로네요', NULL, 1, '2022-09-01T14:10:00', '2022-09-01T15:25:00', 3),
       (5, '첨 맛보는 맛이에요!! 천상의 맛이에요 ㅋㅋㅋㅋ 저 죽으면 천국에서도 이 빵 먹을거니까 오래오래 빵 만들어주세요!', 'http:', 1, '2022-09-01T16:50:00', '2022-09-01T18:15:00', 4),
       (5, '신선한 조합이네요 처음에 빵 비주얼을 보고 이게 맞는 조합인가 싶었는데... 제 혀가 맞는 조합이래요 ㅋㅋㅋ', NULL, 1, '2022-09-01T19:30:00', '2022-09-01T20:45:00', 5),
       (5, '조카가 이 빵만 찾길래 ㅠㅠㅠㅠ 부산에서 올라와서 사갑니다 사장님 많이 파세요~', 'http:', 1, '2022-09-01T22:00:00', '2022-09-01T23:15:00', 6),
       (1, '엥 맛없어', NULL, 1, '2022-09-02T09:10:00', '2022-09-02T10:25:00', 7),
       (2, '그저 그런데...', 'http:', 1, '2022-09-02T11:40:00', '2022-09-02T12:55:00', 8),
       (3, '매장 인테리어 이뻐요 빵은 무난해요', NULL, 1, '2022-09-02T14:20:00', '2022-09-02T15:35:00', 9),
       (4, '짱 맛있어요 ㅋㅋㅋㅋ 근데 멤버십 없나요 사장님? 저 자주 올꺼 같아서 그래요', 'http:', 1, '2022-09-02T16:50:00', '2022-09-02T18:05:00', 10),
       (5, '진짜진짜진짜진짜진짜진짜진짜진짜진짜진짜진짜진짜진짜진짜 맛있어요!', NULL, 1, '2022-09-02T19:30:00', '2022-09-02T20:45:00', 11),
       (3, '빵은 괜찮은데 제 취향이 아니네요ㅠㅠㅠㅠㅠㅠ', 'http:', 1, '2022-09-02T22:00:00', '2022-09-02T23:15:00', 12),
       (1, '우엑 이게 무슨 맛이야 최악이야 다시는 안 먹고 싶어 여기 오지 마셈 빵 진짜 별로임 하;;', 'http:', 2, '2022-09-03T09:10:00', '2022-09-03T10:25:00', 13),
       (1, '일단 전반적으로 모험을 많이 한거 같은데 실패한 모험 같습니다. 맛이 따로 놀아요', NULL, 2, '2022-09-03T11:40:00', '2022-09-03T12:55:00', 14),
       (5, '자주 올게요 사장님!', 'http:', 2, '2022-09-03T14:20:00', '2022-09-03T15:35:00', 15),
       (5, '등교할 때 아침 대용으로 사가는뎅.. 너무 맛있어서 하교 때도 사먹다가.. 10kg 쪘습니다 ㅠㅠ 제 몸무게가 맛을 보증합니다!', NULL, 2, '2022-09-03T16:50:00', '2022-09-03T18:05:00', 16),
       (3, '괜찮아요', 'http:', 3, '2022-09-04T07:22:17', '2022-09-04T09:25:00', 17),
       (3, '무난하고 그저 그래요', NULL, 3, '2022-09-04T10:30:00', '2022-09-04T12:45:00', 18),
       (1, '날이 이렇게나 더운데 생크림이 들어간 메뉴를 상온에다가 진열하고 있네요..', 'http:', 3, '2022-09-04T14:10:00', '2022-09-04T15:25:00', 19),
       (5, '무난하고 그저 그래요', NULL, 3, '2022-09-04T16:50:00', '2022-09-04T18:15:00', 20),
       (5, '완전 좋아요!', 'http:', 4, '2022-09-05T09:10:00', '2022-09-05T10:25:00', 21),
       (5, '정말 맛있게 잘 먹었습니다. 감사합니다.', NULL, 5, '2022-09-05T11:40:00', '2022-09-05T12:55:00', 22),
       (5, '쑥파운드케이크는 먹어봤는데 쑥쉬폰케이크는 처음이에요. 식감이 파운드케이크와는 다른데 잘 어울리고 인절미 크림이 들어갔더라고요? 크림도 맛있네요.', 'http:', 5, '2022-09-05T14:20:00', '2022-09-05T15:35:00', 23),
       (5, '말차치즈케이크가 치즈랑 말차의 맛이 같이 나는데 이 둘이 정말 조화가 잘 되서 너무 맛있어요', NULL, 5, '2022-09-05T16:50:00', '2022-09-05T18:05:00', 24),
       (4, '맛있었어요', 'http:', 6, '2022-09-06T07:22:17', '2022-09-06T09:25:00', 25),
       (3, '괜찮은 편이에요', NULL, 7, '2022-09-06T10:30:00', '2022-09-06T12:45:00', 26),
       (4, '다시 가고 싶어요', 'http:', 8, '2022-09-06T14:10:00', '2022-09-06T15:25:00', 27),
       (5, '가격 보니까 식물성 생크림이겠거니 싶어서 먹어봤는데 동물성 생크림이더라고요! 놀랐어요 이 가격에 동물성 생크림을 사용하시다니.. 근데 크림 양이 적지도 않아서 정말 맛있어요! 사장님 또 올게요!', NULL, 9, '2022-09-06T16:50:00', '2022-09-06T18:05:00', 28),
       (2, '기대 이하였어요 어쩌면 기대치가 너무 높았나 싶습니다....', 'http:', 10, '2022-09-07T09:10:00', '2022-09-07T10:25:00', 29),
       (3, '보통이에요', NULL, 11, '2022-09-07T11:40:00', '2022-09-07T12:55:00', 30),
       (4, '맛있는 토스트네요 근데 이 토스트가 맛있기가 힘들거든요 레시피나 식재료나 정해져 있어서 비슷비슷한 맛이라서 맛있기가 되게 힘들거든요 중국집 춘장도 거의 다 같은 회사꺼 쓰니까 어딜 가던 맛이 비슷하잖아요', 'http:', 12, '2022-09-07T14:20:00', '2022-09-07T15:35:00', 31),
       (5, '아니 ㅠㅠㅠ 소세지에서 육즙이 흘러나와요 ㅋㅋㅋㅋㅋㅋ 짱이에요', NULL, 13, '2022-09-07T16:50:00', '2022-09-07T18:05:00', 32),
       (2, '치즈가 에멘탈 치즈입니다. 에멘탈 치즈는 차가운 상태에서는 호불호가 갈리는 맛이라서 데워 먹어야하는데 전자렌지 돌리지 마시고 중탕해야 치즈 식감이 이상하지 않습니다', 'http:', 14, '2022-09-08T07:22:17', '2022-09-08T09:25:00', 33),
       (3, '그저 그래요', NULL, 15, '2022-09-08T10:30:00', '2022-09-08T12:45:00', 34),
       (4, '다음에 또 갈거에요', 'http:', 16, '2022-09-08T14:10:00', '2022-09-08T15:25:00', 35),
       (5, '오늘 저녁은 삼겹살에 맥주를 마실겁니다. 왜냐고요? 제가 맥주를 좋아하거든요. 그래서 맥주에 삼겹살 먹을겁니다. ㅎㅎ', NULL, 17, '2022-09-08T16:50:00', '2022-09-08T18:05:00', 36),
       (5, '정말 좋았어요!', 'http:', 18, '2022-09-09T09:10:00', '2022-09-09T10:25:00', 37),
       (5, '좋아요!', NULL, 18, '2022-09-09T11:40:00', '2022-09-09T12:55:00', 38),
       (5, '이런 빵집을 알게 되어 너무 좋습니다. 정말.. 정말 맛있습니다', 'http:', 18, '2022-09-09T14:20:00', '2022-09-09T15:35:00', 39),
       (4, '만족합니다', NULL, 19, '2022-09-09T16:50:00', '2022-09-09T18:05:00', 40),
       (5, '내 인생에 다시 없을 빵집..', 'http:', 19, '2022-09-10T09:10:00', '2022-09-10T10:25:00', 41),
       (1, '민트가 느껴지지 않아요', NULL, 19, '2022-09-10T11:40:00', '2022-09-10T12:55:00', 42),
       (4, '한정 수량인게 아쉬워요 ㅠㅠㅠㅠㅠ', 'http:', 19, '2022-09-10T14:20:00', '2022-09-10T15:35:00', 43),
       (5, '빵이 쫄깃쫄깃합니다!!', NULL, 19, '2022-09-10T16:50:00', '2022-09-10T18:05:00', 44),
       (5, '한달에 한번 왕복 3시간 거리를 왔다갔다 하면서 찾는 빵집', 'http:', 19, '2022-09-11T07:22:17', '2022-09-11T09:25:00', 45),
       (4, '다 좋은데 조명이 빵과 어울리지 않는 조명이에요.', NULL, 19, '2022-09-11T10:30:00', '2022-09-11T12:45:00', 46),
       (3, '괜찮아요.. 그냥 먹을만 해요 추천은.. 못하겠어요 괜찮아요.. 그냥 먹을만 해요 추천은.. 못하겠어요 괜찮아요.. 그냥 먹을만 해요 추천은.. 못하겠어요 괜찮아요.. 그냥 먹을만 해요 추천은.. 못하겠어요 괜찮아요.. 그냥 먹을만 해요 추천은.. 못하겠어요 ', 'http:', 20, '2022-09-11T14:10:00', '2022-09-11T15:25:00', 47),
       (2, '별로예요', NULL, 21, '2022-09-11T16:50:00', '2022-09-11T18:05:00', 48),
       (5, '무지 좋아요!', 'http:', 22, '2022-09-12T09:10:00', '2022-09-12T10:25:00', 49),
       (4, '추천합니다 추천합니다 추천합니다 추천합니다 추천합니다 추천합니다 추천합니다 추천합니다 추천합니다 추천합니다 추천합니다 추천합니다 추천합니다 추천합니다 추천합니다 추천합니다 추천합니다 추천합니다 추천합니다 추천합니다 추천합니다 ', NULL, 23, '2022-09-12T11:40:00', '2022-09-12T12:55:00', 50),
       (3, '평범해요', 'http:', 24, '2022-09-12T14:20:00', '2022-09-12T15:35:00', 51),
       (1, '맛이 없어요', NULL, 25, '2022-09-12T16:50:00', '2022-09-12T18:05:00', 52),
       (4, '앙버터에 버터가 숨어있어서 있는지도 몰랐어요 빵 이름을 보고 구매하는 사람은 앙은 있는데 버터가 없어서 당황할거고 안 보고 구매하는 사람은 먹다가 버터 맛에 당황할 수 있을거 같네요', 'http:', 26, '2022-09-13T09:10:00', '2022-09-13T10:25:00', 53),
       (5, '완전 대박!', NULL, 27, '2022-09-13T11:40:00', '2022-09-13T12:55:00', 54),
       (3, '그냥 그래요', 'http:', 28, '2022-09-13T14:20:00', '2022-09-13T15:35:00', 55),
       (1, '실망했어요 실망했어요 실망했어요 실망했어요 실망했어요 실망했어요 실망했어요 실망했어요 실망했어요 실망했어요 실망했어요 실망했어요 실망했어요 실망했어요 실망했어요 실망했어요 실망했어요', NULL, 29, '2022-09-13T16:50:00', '2022-09-13T18:05:00', 56),
       (4, '재방문 의사 있어요', 'http:', 30, '2022-09-14T07:22:17', '2022-09-14T09:25:00', 57),
       (5, '매우 만족합니다!', NULL, 31, '2022-09-14T10:30:00', '2022-09-14T12:45:00', 58),
       (3, '그저 그래요 그저 그래요 그저 그래요 그저 그래요 그저 그래요 그저 그래요 그저 그래요 그저 그래요 그저 그래요 그저 그래요 그저 그래요 그저 그래요 그저 그래요 그저 그래요 그저 그래요 그저 그래요', 'http:', 32, '2022-09-14T14:10:00', '2022-09-14T15:25:00', 59),
       (4, '맛있어요', NULL, 33, '2022-09-14T16:50:00', '2022-09-14T18:05:00', 60),
       (2, '기대 이하였어요', 'http:', 34, '2022-09-14T16:50:00', '2022-09-14T18:05:00', 61),
       (1, '별로에요', NULL, 35, '2022-09-14T16:50:00', '2022-09-14T18:05:00', 62),
       (5, '넘넘 짱이에용! 넘넘 짱이에용! 넘넘 짱이에용! 넘넘 짱이에용! 넘넘 짱이에용! 넘넘 짱이에용! 넘넘 짱이에용! 넘넘 짱이에용! 넘넘 짱이에용! 넘넘 짱이에용! 넘넘 짱이에용! 넘넘 짱이에용! ', 'http:', 36, '2022-09-14T16:50:00', '2022-09-14T18:05:00', 63);


INSERT INTO menu (store_id, menu_name, price, menu_desc, stock, img, ingredient)
values (1, '소금빵', 2000, '버터를 베이스로 한 빵의 표면에 소금을 뿌려, 버터의 고소한 풍미를 짭짤한 소금을 통해 강조한 빵', 14, 'https://recipe1.ezmember.co.kr/cache/recipe/2022/07/13/3ece85827dc79d024a7d169842f88c931.jpg', '밀, 소금, 버터'),
       (1, '계란빵', 1300, '짭짤한 계란과 달달한 빵 반죽의 조화로 아는 사람만 아는 단짠계의 숨은 강자', 3, 'https://i.namu.wiki/i/j65NEUGRZ3EfiC2S5eDjX3O040asWwNzKPNm0VGtNudqLjsVsRkwpBCyUZq8y18YTotVPTUccvn5CdCNUyGDlg.webp', '밀, 달걀'),
       (2, '치킨빵', 2500, '치킨인지 빵인지 모를 외모의 빵', 5, 'https://cdn.pixabay.com/photo/2019/09/26/18/23/republic-of-korea-4506696_1280.jpg', '밀, 닭고기'),
       (2, '피자빵', 3500, '피자모양을 빵으로 구현한 피자빵', 7, 'https://cdn.pixabay.com/photo/2020/06/08/16/49/pizza-5275191_1280.jpg', '밀, 소세지, 토마토소스'),
       (2, '초코케이크', 25200, '초코케이크', 2, 'https://cdn.pixabay.com/photo/2016/11/22/18/52/cake-1850011_1280.jpg', '밀, 초콜렛, 생크림'),
       (2, '딸기케이크', 19000, '딸기케이크', 1, 'https://cdn.pixabay.com/photo/2016/10/27/22/12/cakes-1776661_1280.jpg', '밀, 딸기, 생크림'),
       (3, '망고민트빵', 5000, '망고랑 민트가 들어간 새로 선보이는 디저트', 9, 'https://cdn.pixabay.com/photo/2013/05/13/14/22/cake-110934_1280.jpg', '밀, 망고, 민트, 생크림'),
       (3, '참치크루아상', 4500, '크루아상 속에 참치를 듬뿍!', 11, 'https://cdn.pixabay.com/photo/2017/04/12/03/49/croissant-2223561_1280.jpg', '밀, 참치'),
       (4, '무화과치즈바게트', 3500, '바게트 위에 무화과랑 치즈를 곁들여먹는 바게트', 2, 'https://cdn.pixabay.com/photo/2018/08/29/19/01/fig-3640553_1280.jpg', '밀, 무화과, 치즈'),
       (4, '초코파이', 2000, '초코파이', 4, 'https://cdn.pixabay.com/photo/2017/04/07/10/21/pie-2210670_1280.jpg', '밀, 초콜렛, 마시멜로'),
       (5, '누텔라바나나토스트', 4500, '토스트 위에 바나나와 초콜렛을 곁들여서 먹는 토스트', 6, 'https://cdn.pixabay.com/photo/2018/03/20/21/09/sweet-3244685_1280.jpg', '밀, 초콜렛, 바나나'),
       (5, '카야잼치즈토스트', 6000, '카야잼토스트에 치즈를 넣어 더 고소한 토스트', 8, 'https://www.82cook.com/imagedb/tmp/90cafda40d2b8b6a.jpg', '밀, 카야잼, 치즈'),
       (5, '스콘', 2800, '플레인맛 스콘', 20, 'https://img1.kakaocdn.net/cthumb/local/R1920x0/?fname=https%3A%2F%2Fpostfiles.pstatic.net%2FMjAyMTEyMjJfMTY3%2FMDAxNjQwMTIzNTIwNjU2.2RePaseP_EATgCErextokM-4svjDI1KCvxVI-cwdj8wg.lZvzAeBe-Pi8MexphaL-V84ArVlpfhCJnGJcW4YM5ucg.JPEG.pp6074%2Foutput_729756773.jpg%3Ftype%3Dw580', '밀, 초콜렛,'),
       (5, '버터반치즈반카야토스트', 6000, '카야토스트 하나로 버터와 치즈를 즐겨요!', 8, 'https://img1.kakaocdn.net/cthumb/local/R1920x0/?fname=https%3A%2F%2Fpostfiles.pstatic.net%2FMjAyMjA2MThfMjk4%2FMDAxNjU1NTQwOTU0NjI3.kF6fksuUMsauobqAsx36A2-VBQZnMgQAkkDptuH0i0Ig.qnjUVwP2KBExg6uAZhD5TWKcm-ns4_bwVzLWJ0oEKmog.JPEG.yny1022%2FIMG_7406.JPG%3Ftype%3Dw966', '밀, 카야잼, 치즈, 버터'),
       (6, '에그타르트', 4200, '보통 사이즈보다 2배 큰 에그타르트', 10, 'https://cdn.pixabay.com/photo/2016/03/19/10/00/portuguese-egg-tart-1266429_1280.jpg', '밀, 커스터드크림'),
       (6, '햄버거', 5500, '숯불에 구운 패티가 들어간 햄버거', 12, 'https://cdn.pixabay.com/photo/2016/03/05/19/02/abstract-1238247_1280.jpg', '번, 다짐육, 상추, 양상추, 오이, 케찹, 마요네즈'),
       (7, '프레첼', 2600, '고소한 프레첼', 13, 'https://cdn.pixabay.com/photo/2022/05/22/20/24/brezel-7214640_1280.jpg', '밀, 설탕, 소금, 버터'),
       (7, '치킨샌드위치', 4800, '닭다리살을 넣어 부드러운 샌드위치', 2, 'https://cdn.pixabay.com/photo/2022/12/01/00/34/sandwich-7628011_1280.png', '밀, 닭고기, 토마토, 달걀'),
       (8, '베이컨에그머핀', 3900, '베이컨과 달걀을 간편하게 즐길 수 있는 머핀', 6, 'https://cdn.pixabay.com/photo/2020/11/18/13/31/bacon-egg-cup-5755336_1280.jpg', '밀, 베이컨, 달걀'),
       (8, '초코크루아상', 3800, '고소한 버터와 같이 느껴지는 달콤한 초콜렛', 8, 'https://cdn.pixabay.com/photo/2020/04/24/15/00/chocolate-bread-5087206_1280.jpg', '밀, 초콜렛, 버터'),
       (9, '아보카도샌드위치', 4500, '채소를 즐기고 싶은 당신을 위한 아보카도 샌드위치', 2, 'https://cdn.pixabay.com/photo/2022/02/12/21/22/toast-7009956_1280.jpg', '밀, 아보카도, 양상추, 치즈'),
       (9, '말차케이크', 25000, '케이크 층 마다 녹차의 향긋한 향을 느낄 수 있는 말차케이크', 3, 'https://cdn.pixabay.com/photo/2015/07/16/16/42/matcha-847918_1280.jpg', '밀, 버터, 생크림, 달걀, 말차파우더, 생크림, 설탕'),
       (9, '당근케이크', 18000, '당근을 싫어하는 사람도 먹을 수 있는 달달한 당근케이크', 2, 'https://cdn.pixabay.com/photo/2017/04/06/18/39/carrot-cake-2209039_1280.jpg', '밀, 버터, 생크림, 달걀, 치즈, 당근, 생크림, 설탕'),
       (10, '고구마생크림빵', 2700, '별도로 제공해드리는 생크림을 발라먹는 고구마가 들어간 식빵', 9, 'https://cdn.pixabay.com/photo/2023/05/16/17/13/sweet-potato-7998183_1280.jpg', '밀, 생크림, 고구마'),
       (10, '브루스케타', 12100, '마늘을 바른 빵에 토마토와 바질을 올려서 먹는 바게트', 12, 'https://cdn.pixabay.com/photo/2018/07/15/19/54/bruschetta-3540405_1280.jpg', '밀, 마늘, 소금, 토마토, 바질'),
       (11, '단팥크림빵', 3200, '우리가게 베스트셀러', 8, 'https://cdn.pixabay.com/photo/2016/09/29/13/56/anpan-1702893_1280.jpg', '밀, 팥, 생크림'),
       (11, '초콜렛머핀', 4700, '프랑스산 고급 초콜릿을 넣어서 구운 머핀', 7, 'https://cdn.pixabay.com/photo/2016/11/21/08/32/muffins-1844458_1280.jpg', '밀, 달걀, 설탕, 초콜렛'),
       (11, '바닐라머핀', 4700, '진짜 바닐라를 넣어서 구운 바닐라머핀', 4, 'https://cdn.pixabay.com/photo/2016/03/05/20/09/bake-1238681_1280.jpg', '밀, 달걀, 설탕, 바닐라'),
       (12, '베이컨샌드위치', 4200, '베이컨샌드위치', 6, 'https://cdn.pixabay.com/photo/2017/03/27/13/36/bacon-2178770_1280.jpg', '밀, 베이컨, 토마토, 달걀, 양상추'),
       (12, '소보로빵', 2900, '튀기지 않아도 맛있는 소보로빵', 4, 'https://cdn.pixabay.com/photo/2016/07/02/17/14/streusel-cake-1493373_1280.jpg', '밀, 설탕, 소금, 버터, 달걀'),
       (13, '땅콩버터식빵', 4000, '땅콩버터크림이 가득 들어간 땅콩버터식빵', 5, 'https://cdn.pixabay.com/photo/2016/03/05/21/50/board-1239114_1280.jpg', '밀, 땅콩버터'),
       (13, '파인애플빵', 3100, '누군가는 좋아할 파인애플빵', 8, 'https://cdn.pixabay.com/photo/2017/07/23/14/11/pineapple-bread-2531499_1280.jpg', '밀, 파인애플, 설탕, 우유, 달걀'),
       (13, '멜론빵', 3000, '진짜 멜론을 넣은 멜론빵', 5, 'https://cdn.pixabay.com/photo/2017/06/12/07/52/melon-bread-2394642_1280.jpg', '밀, 멜론, 설탕, 우유, 달걀'),
       (14, '토마토치즈토스트', 2600, '간단하게 즐기는 토마토치즈토스트', 9, 'https://cdn.pixabay.com/photo/2019/01/25/14/48/sandwiches-3954613_1280.jpg', '밀, 치즈, 케찹, 마요네즈'),
       (14, '딸기크루아상', 3800, '크루아상에 딸기를 넣어먹는 색다른 크루아상', 13, 'https://cdn.pixabay.com/photo/2019/03/24/14/25/croissants-4077817_1280.jpg', '밀, 딸기'),
       (15, '에그마요고로케', 3300, '누구에게나 사랑받는 에그마요를 고로케로 만나보세요!', 3, 'https://cdn.pixabay.com/photo/2019/03/07/09/09/bread-4039758_1280.jpg', '밀, 햄, 달걀, 케찹, 마요네즈'),
       (15, '시나몬빵', 3400, '시나몬만 넣어서 시나몬만 즐길 수 있는 빵', 1, 'https://cdn.pixabay.com/photo/2016/05/26/16/27/cinnamon-rolls-1417494_1280.jpg', '밀, 시나몬'),
       (16, '바타르', 3200, '프랑스식 바게트', 2, 'https://i.namu.wiki/i/mFhx_ltpGXEonhWzdHRhh3f0xcXq1u0FPDqqQRwCE9hgheHfigM7Wih-edYSTPK-OqklTRjuj0d6x5c8muZlBy7zMWq6Y3tK5FXL2U4bdYqkJ_MxFrD7MuBYmCRpbW5_uSq__Z7T-3lJLr03gcNNCg.webp', '밀, 소금, 양파'),
       (16, '마늘빵', 2700, '향긋한 마늘을 네배나 더 넣은 마늘이 빵빵한 마늘빵', 4, 'https://cdn.pixabay.com/photo/2021/07/07/19/48/bread-6395190_1280.jpg', '밀, 마늘, 버터'),
       (17, '애플파이', 4200, '청송사과로 만든 애플파이', 8, 'https://cdn.pixabay.com/photo/2018/06/03/12/31/apple-pie-3450349_1280.jpg', '밀, 사과, 버터'),
       (17, '호박파이', 3800, '할로윈데이에 즐기던 호박파이를 평상시에도 즐겨보세요', 5, 'https://cdn.pixabay.com/photo/2021/10/30/19/24/thanksgiving-6755476_1280.jpg', '밀, 호박, 버터'),
       (17, '체리파이', 4600, '최상급 체리만 선별하여 만든 체리파이', 6, 'https://cdn.pixabay.com/photo/2023/04/17/17/57/ai-generated-7932953_1280.jpg', '밀, 체리, 버터'),
       (17, '호두파이', 3500, '천안의 명물을 넣어 만든 호두파이', 4, 'https://cdn.pixabay.com/photo/2022/06/23/14/42/pie-7279977_1280.jpg', '밀, 호두, 버터'),
       (17, '포카치아', 3500, '이탈리아 대표 빵', 10, 'https://cdn.pixabay.com/photo/2017/10/15/15/39/focaccia-2854125_1280.jpg', '밀, 방울토마토, 치즈'),
       (18, '캐비아샌드위치', 15500, '다른 캐비어와는 전혀 다른 향과 맛을 가진 세브루가 캐비어를 올린 샌드위치', 6, 'https://pixabay.com/ko/photos/%EC%BA%90%EB%B9%84%EC%95%84-%EC%83%8C%EB%93%9C%EC%9C%84%EC%B9%98-%EB%AC%BC%EA%B3%A0%EA%B8%B0-%EA%B0%84%EC%8B%9D-1695360/', '밀, 캐비어'),
       (18, '커피마카롱', 2500, '부드러운 커피를 마카롱으로 즐겨보세요!', 5, 'https://cdn.pixabay.com/photo/2021/12/06/21/34/sweets-6851675_1280.jpg', '아몬드, 커피가루, 버터, 달걀,'),
       (19, '초코식빵', 3200, '초콜렛에 퐁당!', 4, 'https://cdn.pixabay.com/photo/2017/03/07/04/41/swede-cakes-2123192_1280.jpg', '밀, 초콜렛'),
       (19, '카페라떼도넛', 4500, '카페라떼맛 도넛', 3, 'https://cdn.pixabay.com/photo/2014/11/07/02/16/donut-520164_1280.jpg', '밀, 커피, 설탕'),
       (20, '핑크플라워', 33900, '특별한날에 선물하기에 정말 좋은 분홍색 꽃으로 데코한 핑크플라워 케이크', 3, 'https://cdn.pixabay.com/photo/2017/05/23/22/33/birthday-2338813_1280.jpg', '밀, 생크림, 달걀, 초콜랫, 색소'),
       (20, '크로크무슈', 3800, '크로크무슈', 3, 'https://cdn.pixabay.com/photo/2016/10/05/05/46/bread-1716102_1280.jpg', '밀, 버터, 햄, 치즈, 베샤멜소스,'),
       (21, '크리스마스 타르트', 4200, '재출시 요청이 많아서 상시판매합니다!', 5, 'https://cdn.pixabay.com/photo/2017/11/25/07/40/christmas-tarts-2976315_1280.jpg', '밀, 버터, 설탕, 블루베리, 산딸기'),
       (21, '플뤼트', 3300, '바게트가 부담스러우셨다면 플뤼트를 드셔보세요!', 2, 'https://cdn.pixabay.com/photo/2016/08/16/12/30/flutes-1597868_1280.jpg', '밀, 소금'),
       (22, '잡채고로케', 3100, '잡채고로케', 2, 'https://cdn.pixabay.com/photo/2021/07/29/05/59/croquettes-6506381_1280.jpg', '밀, 당면, 치즈, 쪽파, 당근, 양파'),
       (22, '감자고로케', 3000, '감자고로케', 3, 'https://cdn.pixabay.com/photo/2021/10/11/09/07/croquettes-6699911_1280.jpg', '밀, 감자, 치즈, 당근, 양파'),
       (22, '바나나크루아상', 3200, '바나나를 통째로 넣은 크루아상', 9, 'https://cdn.pixabay.com/photo/2018/09/03/22/43/croissants-3652582_1280.jpg', '밀, 버터, 바나나'),
       (23, '연유와밀크브레드', 4000, '겉은 달달하고 속은 연유로 꽉 채워져있는 빵', 4, 'https://cdn.pixabay.com/photo/2021/08/29/14/46/bread-6583491_1280.jpg', '밀, 우유, 연유'),
       (23, '딸기하트마카롱', 2500, '하트모양의 딸기 마카롱', 7, 'https://cdn.pixabay.com/photo/2021/07/04/20/12/macaron-6387504_1280.jpg', '아몬드, 슈가파우더, 버터, 달걀, 딸기'),
       (24, '페퍼로니토스트', 4200, '페퍼로니와 치즈만 넣은 토스트', 6, 'https://cdn.pixabay.com/photo/2019/05/31/20/49/pizza-4242967_1280.jpg', '밀, 페퍼로니, 케챱, 치즈, 토마토소스'),
       (24, '블루베리머핀', 2900, '블루베리즙을 반죽하여 만든 블루베리머핀', 9, 'https://cdn.pixabay.com/photo/2021/02/03/13/54/shanghai-5978060_1280.jpg', '밀, 블루베리'),
       (25, '초콜릿타르트', 3300, '초콜릿타르트', 2, 'https://cdn.pixabay.com/photo/2017/01/23/15/05/tart-2002839_1280.jpg', '밀, 버터, 설탕, 초콜렛'),
       (25, '아몬드크루아상', 3500, '겉은 단단한 아몬드! 속은 부드러운 아몬드크림!', 3, 'https://cdn.pixabay.com/photo/2021/11/09/07/21/pastry-6780834_1280.jpg', '밀, 버터, 아몬드, 아몬드크림'),
       (25, '티라미수', 3500, '드시기 전에 숨 참고 드세요!', 5, 'https://cdn.pixabay.com/photo/2018/04/18/17/20/dessert-3330996_1280.jpg', '밀, 버터, 티라미수'),
       (26, '김치치즈샌드위치', 3800, '해외에서 난리난 김치치즈샌드위치', 4, 'https://www.closetcooking.com/wp-content/uploads/2013/04/Kimchi-and-Bacon-Grilled-Cheese-Sandwich-500-5619.jpg', '밀, 김치, 치즈'),
       (26, '크림치즈베이글', 2800, '크림치즈베이글', 14, 'https://cdn.pixabay.com/photo/2016/09/23/22/05/bagel-1690574_1280.jpg', '밀, 버터, 치즈, 방울토마토'),
       (27, '헤이즐넛식빵', 4100, '어린이도 먹을 수 있는 헤이즐넛식빵', 2, 'https://cdn.pixabay.com/photo/2019/02/14/09/20/bread-3996189_1280.jpg', '밀, 헤이즐넛, 버터'),
       (27, '꿀빵', 2700, '자연산 벌꿀 바른 꿀빵', 5, 'https://cdn.pixabay.com/photo/2015/05/04/10/03/honey-752145_1280.jpg', '밀, 벌꿀'),
       (28, '우유마카롱', 3300, '우유 넣은 마카롱', 7, 'https://cdn.pixabay.com/photo/2016/12/29/20/04/macarons-1939293_1280.jpg', '아몬드, 슈가파우더, 우유, 버터, 달걀,'),
       (28, '블루베리치즈케이크', 15000, '블루베리치즈케이크', 9, 'https://cdn.pixabay.com/photo/2023/09/12/05/36/cheesecake-8247978_1280.jpg', '밀, 생크림, 블루베리, 치즈'),
       (29, '핫도그', 3200, '대왕소시지를 넣은 핫도그', 2, 'https://cdn.pixabay.com/photo/2015/03/03/07/21/hot-dog-657039_1280.jpg', '밀, 소세지, 케챱, 머스타드'),
       (29, '사라다빵', 3500, '추억의 사라다빵', 4, 'http://homecuisine.co.kr/files/attach/images/1462/605/040/3061e94c0d88795fa395888633647017.JPG', '밀, 양배추, 당근, 옥수수, 달걀, 케챱, 마요네즈, 버터, 오이, 설탕'),
       (30, '핫BLT토스트', 2800, '하바네로소스를 넣은 BLT토스트', 7, 'https://cdn.pixabay.com/photo/2015/03/28/19/58/sandwich-696417_1280.jpg', '밀, 베이컨, 양상추, 토마토, 하바네로'),
       (30, '옥수수샌드위치', 4200, '통밀빵으로 만든 옥수수 샌드위치', 6, 'https://cdn.pixabay.com/photo/2016/03/05/22/24/bread-1239274_1280.jpg', '밀, 옥수수, 치즈'),
       (30, '참치샌드위치', 3700, '참치랑 마요네즈랑 섞어서 더 고소~한 참치샌드위치', 3, 'https://cdn.pixabay.com/photo/2016/08/09/11/24/sandwich-1580348_1280.jpg', '밀, 참치, 양상추, 옥수수, 당근'),
       (31, '바닐라키펠', 3800, '초승달 모양의 비스켓', 8, 'https://cdn.pixabay.com/photo/2021/12/24/15/55/vanillekipferl-6891353_1280.png', '밀, 버터, 바닐라'),
       (31, '민초쿠키', 4500, '민트초코가 안에 숨어있어서 자세히 보지 않으면 모르는 민초쿠키', 9, 'https://cdn.pixabay.com/photo/2016/10/27/22/07/pancake-1776646_1280.jpg', '밀, 소금, 민트, 초콜렛, 생크림'),
       (32, '오레오크루아상', 3200, '오레오를 갈아넣은 오레오필링을 가득 채우고 오레오로 데코한 크루아상', 10, 'https://img-app.knotted-order.com/products/46/46?1687221114', '밀, 버터, 오레오'),
       (32, '딸기도넛', 2900, '국내산 제철딸기를 넣은 딸기도넛', 11, 'https://cdn.pixabay.com/photo/2020/10/01/14/37/dessert-5618717_1280.jpg', '밀, 딸기, 버터, 설탕'),
       (33, '초코도넛', 3900, '초코도넛', 12, 'https://cdn.pixabay.com/photo/2014/06/30/11/52/doughnut-380212_1280.jpg', '밀, 초콜렛, 버터, 설탕'),
       (33, '애플도넛', 5500, '사과를 듬뿍 바른 애플도넛', 4, 'https://cdn.pixabay.com/photo/2021/01/02/23/42/sweets-5883259_1280.jpg', '밀, 사과, 버터, 설탕'),
       (33, '팥도넛', 2900, '겉은 초코 속은 팥', 11, 'https://cdn.pixabay.com/photo/2015/02/20/16/12/donuts-643277_1280.jpg', '밀, 팥, 쌀가루, 버터, 설탕'),
       (33, '딸기에클레어', 3200, '딸기천국 딸기에클레어', 9, 'https://cdn.pixabay.com/photo/2018/05/01/18/21/eclair-3366430_1280.jpg', '밀, 슈가파우더, 딸기'),
       (34, '연어샌드위치', 4800, '부담없는 한끼', 8, 'https://cdn.pixabay.com/photo/2020/08/19/15/32/sandwich-5501212_1280.jpg', '밀, 치즈, 양상추, 연어'),
       (34, '프레즐스틱', 2600, '꼬인 모양의 프레즐이 아닌 막대 모양의 프레즐', 7, 'https://cdn.pixabay.com/photo/2020/10/26/14/35/pretzels-5687522_1280.jpg', '밀, 설탕, 소금, 버터, 오레오, 우유'),
       (35, '시나본', 3300, '결을 따라 뜯어서 먹는 시나몬롤', 6, 'https://cdn.pixabay.com/photo/2019/05/11/17/11/sinnabon-4196099_1280.jpg', '밀, 설탕, 소금, 시나본'),
       (35, '초코소라빵', 4200, '초코소라빵', 5, 'https://i.namu.wiki/i/FRgc2CHvXeBaXGSHkRL49_KLUYsXUoyuV3WTBfMeIUZ32QJLMFznFB5NB9SDuNTjLvF4TAkM3SuyT1I19gsUu32nwDqgTS9N4Wp4Zmfy6gtp35STsqkQFznmM37l6mw0m_Pd2jud98FDCn1dbrattA.webp', '밀, 초콜렛'),
       (36, '핫소스감자에그마요고로케', 3800, '별에 별거 다 들어간 핫소스고로케!', 4, 'https://cdn.pixabay.com/photo/2016/11/23/15/37/appetizers-1853581_1280.jpg', '밀, 감자, 양파, 치즈, 당근, 옥수수, 달걀, 마요네즈, 파슬리, 소금, 핫소스'),
       (36, '프린세스토르타', 25900, '생크림과 잼을 층마다 쌓은 케이크', 3, 'https://i.namu.wiki/i/g8O_lklUb66-hQBwkxGyKHe7QahfgP9HAGzM3Yev_getT3frNTdVJl15KkKZySwJnUs3JYTleNB88UMZg62Pedb6PmprBiu94WHC9zRUEjn1J4x29lhsOTIqiym_GsrtV6nL8v1W_q2PZ9IuuPl5mg.webp', '밀, 달걀, 바닐라, 우유, 슈가파우더, 라즈배리잼');


INSERT INTO orders (store_id, member_id, order_status)
values (1, 1, 'ACTIVE'), --1번가게 1번손님 담는중
       (1, 2, 'CREATED'), --1번가게 2번손님 생성
       (2, 3, 'BAKING'), --2번가게 3번손님 준비중
       (2, 4, 'READY'), --2번가게 4번손님 준비완료
       (2, 5, 'PICKUP'), --2번가게 5번손님 픽업
       (3, 6, 'REVIEWED'), --3번가게 6번손님 리뷰
       (3, 7, 'CANCELED'), --3번가게 7번손님 취소
       (4, 8, 'DELETED'), --4번가게 8번손님 삭제
       (5, 9, 'BAKING'),
       (5, 9, 'CREATED'),
       (5, 9, 'ACTIVE'),
       (5, 10, 'BAKING'),
       (6, 11, 'READY'),
       (7, 12, 'PICKUP'),
       (8, 13, 'CANCELED'),
       (9, 14, 'DELETED'),
       (10, 15, 'CANCELED'),
       (11, 15, 'DELETED'),
       (12, 16, 'ACTIVE'),
       (13, 17, 'CREATED'),
       (14, 17, 'ACTIVE'),
       (15, 17, 'READY'),
       (16, 18, 'CANCELED'),
       (17, 18, 'BAKING'),
       (18, 19, 'REVIEWED'),
       (19, 20, 'CANCELED'),
       (19, 21, 'PICKUP'),
       (20, 22, 'CREATED'),
       (21, 23, 'ACTIVE'),
       (22, 23, 'BAKING'),
       (23, 24, 'CREATED'),
       (24, 25, 'PICKUP'),
       (25, 25, 'DELETED'),
       (26, 26, 'CREATED'),
       (26, 27, 'READY'),
       (26, 28, 'REVIEWED'),
       (27, 29, 'CREATED'),
       (28, 30, 'BAKING'),
       (29, 31, 'BAKING'),
       (30, 32, 'PICKUP'),
       (31, 33, 'REVIEWED'),
       (32, 34, 'CREATED'),
       (33, 35, 'READY'),
       (34, 36, 'BAKING'),
       (35, 36, 'REVIEWED'),
       (36, 36, 'CANCELED');


INSERT INTO order_menu (orders_id, menu_id, quantity)
values (1, 2, 3), --1번주문 2번메뉴 수량3개
       (2, 4, 7), --2번주문 4번메뉴 수량7개
       (2, 1, 2), --2번주문 1번메뉴 수량2개
       (3, 3, 2), --3번주문 3번메뉴 수량2개
       (4, 4, 5),
       (5, 5, 8),
       (6, 6, 11),
       (7, 7, 2),
       (8, 8, 3),
       (9, 9, 4),
       (10, 10, 5),
       (10, 10, 6),
       (11, 20, 7),
       (12, 12, 2),
       (13, 13, 4),
       (14, 14, 2),
       (15, 15, 8),
       (16, 16, 9),
       (17, 15, 10),
       (18, 18, 3),
       (19, 19, 6),
       (19, 11, 5),
       (20, 20, 9),
       (21, 21, 1),
       (22, 22, 3),
       (23, 23, 6),
       (24, 24, 8),
       (24, 28, 7),
       (25, 26, 9),
       (26, 26, 5),
       (27, 27, 8),
       (27, 28, 8),
       (27, 29, 9),
       (28, 30, 2),
       (29, 30, 7),
       (30, 31, 6),
       (31, 32, 8),
       (32, 17, 10),
       (33, 33, 6),
       (34, 34, 2),
       (35, 35, 4),
       (36, 36, 8),
       (37, 33, 2),
       (38, 32, 2),
       (39, 25, 4),
       (40, 20, 5),
       (41, 15, 3),
       (42, 12, 13),
       (43, 8, 12),
       (44, 9, 6),
       (45, 25, 4),
       (46, 20, 8);
