-- region 데이터는 혼선을 방지하기 위해 id를 추가하여 기입(없어도 정상적으로 동작함)
INSERT INTO region (id, region_name, parent_id)
values (1, '서울시', NULL),
       (2, '강남구', 1),
       (3, '서초구', 1),
       (4, '용산구', 1),
       (5, '강동구', 1),
       (6, '노원구', 1),
       (7, '송파구', 1),
       (8, '인천광역시', NULL),
       (9, '남동구', 8),
       (10, '부평구', 8),
       (11, '계양구', 8),
       (12, '서구', 8),
       (13, '대구광역시', NULL),
       (14, '북구', 13),
       (15, '서구', 13),
       (16, '남구', 13),
       (17, '중구', 13),
       (18, '달서구', 13),
       (19, '세종특별자치시', NULL),
       (20, '한솔동', 19),
       (21, '도담동', 19),
       (22, '새롬동', 19),
       (23, '다정동', 19),
       (24, '반곡동', 19),
       (25, '광주광역시', NULL),
       (26, '동구', 25),
       (27, '서구', 25),
       (28, '남구', 25),
       (29, '북구', 25),
       (30, '광산구', 25),
       (31, '부산광역시', NULL),
       (32, '영도구', 31),
       (33, '부산진구', 31),
       (34, '해운대구', 31),
       (35, '사하구', 31),
       (36, '금정구', 31),
       (37, '제주특별자치도', NULL),
       (38, '한경면', 37),
       (39, '한림읍', 37),
       (40, '애월읍', 37),
       (41, '조천읍', 37),
       (42, '구좌읍', 37);


INSERT INTO store (address, created_at, img, introduction, last_modified_at, phone_num, rating, store_name, region_id, place_id)
values ('서울 송파구 백제고분로46길 11 1층', '2022-08-16T17:30:57', 'https://img1.kakaocdn.net/cthumb/local/R1920x0/?fname=http%3A%2F%2Ft1.daumcdn.net%2Fplace%2F4653A5ADAE954E5C9D69C9ACCB4B31BE', '맛있는 빵집이에요', '2022-08-16T17:30:57', '01062716344', '4.1', '김태우과자점', 7, 16992967),
       ('서울 강남구 선릉로111길 5', '2022-08-16T17:30:57', 'https://img1.kakaocdn.net/cthumb/local/R1920x0/?fname=http%3A%2F%2Ft1.daumcdn.net%2Flocal%2FkakaomapPhoto%2Freview%2Ff9775f1b7074a2b58c10a6d941069312164f5d1b%3Foriginal', '진심과 실력이 담긴 해피해피케이크 만의 제품을 추구하는 곳!', '2022-08-16T17:30:57', '02-547-1181', '4.2', '해피해피케이크', 2, 1961493981),
       ('서울 서초구 서초중앙로 110 롯데캐슬메디치 1층 104호', '2022-08-16T17:30:57', 'https://img1.kakaocdn.net/cthumb/local/R1920x0/?fname=https%3A%2F%2Fpostfiles.pstatic.net%2FMjAyMjA2MjJfMjYx%2FMDAxNjU1ODkyNjg0NzA1.mHAzchdkGm6fqhfUlHBZVYfmybRpBlApRzpZnh2vUusg.165tksruvjen-eruT9FIsY58tNF-LXLMo8cvwRKgU_4g.JPEG.1nashin%2FIMG_6501.jpg%3Ftype%3Dw966', '볼 수 있는 너무너무 이쁜 수제 케이크 맛집', '2022-08-16T17:30:57', '010-4074-8646', '4.3', '챱챱케이크', 3, 1903106407),
       ('서울 용산구 녹사평대로 244-1 1층', '2022-08-18T19:23:54', 'https://img1.kakaocdn.net/cthumb/local/R1920x0/?fname=http%3A%2F%2Ft1.daumcdn.net%2Flocal%2FkakaomapPhoto%2Freview%2Fcde0280d30ff923decad07799447040dbbd3c185%3Foriginal', '홈메이드 브레드와 브런치가 맛있는 곳', '2022-08-18T20:18:42', '070-7717-3501', '4.9', '더베이커스테이블', 4, 18376376),
       ('서울 강동구 진황도로 150 1층 ', '2022-08-10T09:11:30', 'https://img1.kakaocdn.net/cthumb/local/R1920x0/?fname=https%3A%2F%2Fpostfiles.pstatic.net%2FMjAyMzA3MjBfMjA4%2FMDAxNjg5ODM4MjEyNjcz.RIUYO4v9HknZDcVHsgyjB9XTvJajHIRXOna4c4lpQpQg.73DWFt_RQMLikwjhxHKpin0wsbi4McL_51FtuRHIt1kg.JPEG.happy102515%2FIMG_9301.JPG%3Ftype%3Dw966', '온전히 나만의, 자유로운 시간 카페 여가', '2022-08-10T09:11:30', '02-6397-0178', '5.0', '카페여가', 5, 452512641),
       ('서울 노원구 노원로 456 백암빌딩 1층', '2022-08-29T23:01:06', 'https://img1.kakaocdn.net/cthumb/local/R1920x0/?fname=http%3A%2F%2Ft1.daumcdn.net%2Fplace%2F3619C7EA712745FB9632A355012E423C', '유기농 밀, 천연 발효, 건강빵을 생산하는 달콤제빵소 노원점입니다.', '2022-08-30T09:11:30', '0507-1353-6412', '4.8', '달콤제빵소', 6, 1342703689),
       ('서울 강동구 올림픽로 624 1층', '2022-08-21T16:08:56', 'https://img1.kakaocdn.net/cthumb/local/R1920x0/?fname=http%3A%2F%2Ft1.daumcdn.net%2Fplace%2F9DC6FC1369A14E958A8983A13C266E0D', '자신있게 추천할 수 있는 디저트 케이크 빵집', '2022-08-21T16:08:56', '02-6439-6718', '4.1', '블랑제리11-17', 5, 21298312),
       ('인천 남동구 성말로13번길 56-1 1층', '2022-08-21T11:25:36', 'https://img1.kakaocdn.net/cthumb/local/R1920x0/?fname=http%3A%2F%2Ft1.daumcdn.net%2Flocal%2FkakaomapPhoto%2Freview%2Fb3311b1688012fa2018fa6a8108ddcd1b525a30f%3Foriginal', '케이크 좋아하세요?', '2022-08-21T19:32:41', '0507-1405-0320', '4.1', '유하나케이크', 9, 602605307),
       ('인천 부평구 부흥북로6번길 5 센트럴아파트 1층', '2022-08-31T14:11:59', 'https://img1.kakaocdn.net/cthumb/local/R1920x0/?fname=http%3A%2F%2Ft1.daumcdn.net%2Fplace%2FBE065983582D47C98FDF915B7DF8B65E', '쌀빵전문점이며, 유기농 밀가루를 사용하고 모든 빵 반죽에서 하늘마를 갈아 넣어 소화가 잘 되는 빵집입니다.', '2022-09-02T11:11:11', '032-362-6380', '4.7', '베아또과자점', 10, 1254586719),
       ('인천 계양구 계산시장길 27 1층', '2022-08-31T03:25:12', 'https://img1.kakaocdn.net/cthumb/local/R1920x0/?fname=http%3A%2F%2Ft1.daumcdn.net%2Flocal%2FkakaomapPhoto%2Freview%2Fe10470d59d40184c36048cb1d43bf44258516f9d%3Foriginal', '매일 매장에서 건강하고 맛있는 디저트를 준비합니다', '2022-08-31T03:25:12', '0507-1343-9512', '5.0', '야밀리', 11, 477090140),
       ('인천 서구 청라커낼로329번길 9 SJ청라빌 1층 102호', '2022-08-10T19:47:38', 'https://img1.kakaocdn.net/cthumb/local/R1920x0/?fname=http%3A%2F%2Ft1.daumcdn.net%2Flocal%2FkakaomapPhoto%2Freview%2F033d339f46954291bdfac8588b0068b33b3cd0c0%3Foriginal', '매일 먹기에 부담이 없고 자극적이지 않으면서 오래도록 맛있게 먹을 수 있는 빵과 디저트를 위해 노력하겠습니다:)', '2022-08-10T19:47:38', '070-4038-6690', '4.1', '미들웨이', 12, 1490331053),
       ('대구 북구 동천로24길 17 신정빌딩 1층 101호', '2022-08-14T10:56:20', 'https://img1.kakaocdn.net/cthumb/local/R1920x0/?fname=https%3A%2F%2Fpostfiles.pstatic.net%2FMjAyMjExMTdfMTU5%2FMDAxNjY4NjQzMDkwMjU0.DV9i5zj75hkRMThTfy2RKQ72bJD7yiKvLR_I41DlVWog.xKgntMknsMInMvJb3P_iIKwGpIUEw55v6xq2C_gYwuQg.JPEG.01095957269%2FIMG_5669.JPG%3Ftype%3Dw773', '아침을 기다리는 빵집', '2022-08-14T10:56:20', '01000004900', '4.3', '아침을기다리는빵', 14, 375237426),
       ('대구 서구 국채보상로48길 5', '2022-08-20T05:15:45', 'https://img1.kakaocdn.net/cthumb/local/R1920x0/?fname=https%3A%2F%2Fpostfiles.pstatic.net%2FMjAyMjA5MTJfNjQg%2FMDAxNjYyOTUwNzU2OTcx.eAbgCST1zl1ngnVVEmUJF_BKjuqCSL5pMy2dCXaAci4g.QLnSUcvXQnRRubS-WO-3rg4VH2fgpVuOQ48PKHc8YFcg.JPEG.minhee2121%2FSE-5eb77afc-30ff-11ed-bca8-e9822b8bb24a.jpg%3Ftype%3Dw966', '느리게 천천히 저온숙성하여 천연발효빵을 만드는 집', '2022-08-20T05:15:45', '053-525-3455', '5.0', '베이커스55', 15, 1761502804),
       ('대구 남구 현충로 41-3', '2022-08-08T08:33:56', 'https://img1.kakaocdn.net/cthumb/local/R1920x0/?fname=https%3A%2F%2Fpostfiles.pstatic.net%2FMjAyMjExMDZfMTM4%2FMDAxNjY3NzM2MTM1NDAw.5SJrJ5em8CasnLSKQ2V16CQsi1JSBFdd-6L_831cRHkg.WrD6cS6xsP4bHn2vzoP98Mgfpl_i1aIkVnmBG7ETpiIg.JPEG.xoxo2005%2FIMG_3176.jpg%3Ftype%3Dw773', '촉촉하고 부드러운 케이크', '2022-08-08T09:37:51', '070-4042-4525', '4.8', '크래프터', 16, 2135224480),
       ('대구 중구 약령길 76', '2022-08-30T18:49:04', 'https://img1.kakaocdn.net/cthumb/local/R1920x0/?fname=http%3A%2F%2Ft1.daumcdn.net%2Flocal%2FkakaomapPhoto%2Freview%2Ffb868cd76c5dec5288a6204b9c6d1d2e0122a9b2%3Foriginal', '#DM은 확인이 느리니 매장으로 문의해주세요.', '2022-08-30T20:31:51', '053-253-7176', '4.6', '레브슈크레', 17, 1829820708),
       ('대구 달서구 신당로 59 성서주공임대아파트 복합상가동 108호', '2022-08-24T00:37:29', 'https://img1.kakaocdn.net/cthumb/local/R1920x0/?fname=http%3A%2F%2Ft1.kakaocdn.net%2Fmystore%2FCD3D3D8C91A5408E8044D17745FC1D04', '11시에 모든빵 나와요 식빵은 12시', '2022-08-24T00:50:09', '053-581-6832', '4.5', '율베이커리', 18, 1159874598),
       ('세종특별자치시 노을1로 16 첫마을 2단지 상가 159호', '2022-08-11T14:08:37', 'https://img1.kakaocdn.net/cthumb/local/R1920x0/?fname=http%3A%2F%2Fpostfiles1.naver.net%2FMjAyMTAyMTlfMjUw%2FMDAxNjEzNzM0NDg5Mzg5.u0efOrdUS7xvc4RnUCkqTLQxQwcCp2PTLd6J13XMat0g.kvCHXD5cgedq-dfpOuiNry-D5oP8Q6gWZsrjk0NCa8Qg.JPEG.wlalddld%2FIMG_5457.jpg%3Ftype%3Dw966', '세종플러스마트내에 입점되어 있습니다', '2022-08-11T14:08:37', '044-865-7886', '4.9', '한스브레드', 20, 201050946),
       ('세종특별자치시 보듬4로 9 도램마을11단지 카림애비뉴1 1층 14~16호', '2022-08-19T13:42:01', 'https://img1.kakaocdn.net/cthumb/local/R1920x0/?fname=http%3A%2F%2Ft1.daumcdn.net%2Fplace%2F0435A6295E6F48EDA5F8A13785DF4879', '당일판매 원칙 방부제를 사용하지 않습니다.', '2022-08-19T13:42:01', '044-868-3560', '3.4', '다쿠아즈', 21, 578462815),
       ('세종특별자치시 새롬로 32 근린생활시설 B동 1층 106호', '2022-08-13T21:27:18', 'https://img1.kakaocdn.net/cthumb/local/R1920x0/?fname=https%3A%2F%2Fpostfiles.pstatic.net%2FMjAyMjExMDhfMTEx%2FMDAxNjY3OTA3Mjc2MTYw.CmrM8hsJfY1xsBBQcGZkfU2-ozvRrwop14GdyUse9_wg.edXJTai0czT9d7M8OTXJjr0Ev8tIFxOoRjwMA7osT-8g.JPEG.yeondu_flower%2F20221026_114114.jpg%3Ftype%3Dw773', '자연의 리듬을 일상에 전합니다.', '2022-08-13T22:11:09', '0507-1336-2338', '4.8', '밭으로', 22, 1955588639),
       ('세종특별자치시 다정중앙로 45 다정프라자 1층 107호', '2022-08-26T23:59:59', 'https://img1.kakaocdn.net/cthumb/local/R1920x0/?fname=http%3A%2F%2Ft1.daumcdn.net%2Fplace%2FF9FDEE074EC14A928858CD34DBA72AC6', '건물 내 주차 가능합니다!', '2022-08-26T23:59:59', '0507-1322-3477', '3.3', '첼시베이커리', 23, 281796226),
       ('세종특별자치시 소담8로 22 새샘마을 8단지 근린생활시설 3동 1층 71호', '2022-08-22T11:04:45', 'https://img1.kakaocdn.net/cthumb/local/R1920x0/?fname=https%3A%2F%2Fpostfiles.pstatic.net%2FMjAyMzA4MDVfMTMz%2FMDAxNjkxMjQyMTY1MDMz.LjBWfDOWItYupHtIJR-rgC11-rietvuxHXswH9nqZvYg.ohGf481MeS16n0zmBGpOWvqfSo478eEsgJ21aIb1o1Eg.JPEG.minjukim124%2FIMG_0494.JPG%3Ftype%3Dw580', '새샘유치원 맞은편에 위치해 있습니다!', '2022-08-22T19:00:52', '070-5029-5176', '4.9', '르쁘띠파티세리', 24, 275654523),
       ('광주 동구 동계천로 166', '2022-09-01T19:11:59', 'https://img1.kakaocdn.net/cthumb/local/R1920x0/?fname=http%3A%2F%2Ft1.daumcdn.net%2Flocal%2FkakaomapPhoto%2Freview%2F0b40e8874c041c6b6f47a5c7d1fe71d61e77657b%3Foriginal', '#비건베이커리 #수제케이크 #케이크주문제작', '2022-09-02T04:11:11', '062-224-3777', '3.9', '윤슬베이커리', 26, 27283133),
       ('광주 서구 마륵복개로150번길 31', '2022-09-01T23:45:12', 'https://img1.kakaocdn.net/cthumb/local/R1920x0/?fname=http%3A%2F%2Ft1.daumcdn.net%2Fplace%2FAAEE8C2777DD43F6AEEF5CB209BC39C4', '동명식빵에 이어 마륵동, 상무지구에서도 부드러운 식빵과 스콘을 맛보실 수 있는 마륵동 빵가게 입니다.', '2022-09-02T00:00:23', '062-452-2803', '3.5', '마륵동빵가게', 27, 242182107),
       ('광주 남구 봉선로51번길 36-2 1층', '2022-09-01T10:36:27', 'https://img1.kakaocdn.net/cthumb/local/R1920x0/?fname=http%3A%2F%2Ft1.daumcdn.net%2Fplace%2F063CDEAEF0A94CFCA19157FC72EE98E9', '#봉선동카페 #베이글 #소금빵 #커피 #광주베이글', '2022-09-01T10:36:27', '0507-1489-2043', '4.5', '씨리알르', 28, 1938294561),
       ('광주 북구 용봉택지로 39 G플레이스 1층 103호', '2022-09-01T14:59:08', 'https://img1.kakaocdn.net/cthumb/local/R1920x0/?fname=http%3A%2F%2Ft1.daumcdn.net%2Fplace%2F816A781546E44097A08F24C9732D4E15', '천연발효종을 사용하여 유기농 밀가루로 저온숙성시켜 만든 건강하고 맛있는 빵을 만들기 위해 노력하는 식사빵 전문점입니다.', '2022-09-01T14:59:08', '0507-1446-0215', '4.5', '광수빵집', 29, 1388656418),
       ('광주 광산구 송정로8번길 2 1층', '2022-09-01T05:22:33', 'https://img1.kakaocdn.net/cthumb/local/R1920x0/?fname=https%3A%2F%2Ft1.daumcdn.net%2Flocal%2Freview_placeapp%2Fbtqhytl1YmC_DF3ioNmjrBdSZI4fvwqFi0_img.jpg', '1913송정역시장입구에 있습니다.', '2022-09-01T09:11:00', '0507-1443-8050', '3.8', '썬베이커리', 30, 1227132312),
       ('부산 영도구 일산봉로 31', '2022-09-01T17:07:51', 'https://img1.kakaocdn.net/cthumb/local/R1920x0/?fname=http%3A%2F%2Ft1.daumcdn.net%2Fplace%2FF65A1A54A9354895A193FF6438DBBA9A', '청학동 광진교회옆 광명고 후문~~', '2022-09-02T13:11:26', '전성호쌀빵제빵소', '5.0', '0507-1393-9155', 32, 570807816),
       ('부산 부산진구 중앙대로680번가길 38 1층 111호', '2022-09-01T07:14:42', 'https://img1.kakaocdn.net/cthumb/local/R1920x0/?fname=http%3A%2F%2Ft1.daumcdn.net%2Flocal%2FkakaomapPhoto%2Freview%2Ff54c8d67750b81cff6bf46bf10e5aac6a65903ef%3Foriginal', '크로와상 페스츄리 전문 베이커리', '2022-09-01T09:00:57', '0507-1412-0672', '4.3', '라푀유크로와상', 33, 291109481),
       ('부산 해운대구 해운대로781번길 16 신화하니엘타워 1층 101,102,108호', '2022-09-01T21:30:15', 'https://img1.kakaocdn.net/cthumb/local/R1920x0/?fname=https%3A%2F%2Fpostfiles.pstatic.net%2FMjAyMzA4MDFfMTY0%2FMDAxNjkwODkyNzI3OTEw.RxLDf_SpFuHkklpBKUgbuWgMcHwWvNXbM_VzUMtmoX4g.Q7gRGI4deOMtQxDYOxSg12t9HvtVWPzCX0WjqgHAlHIg.JPEG.wkfgkwkghkdlxld%2FIMG_3925.jpg%3Ftype%3Dw773', '한정수량 단팥빵이 맛있는 장산 베이커리', '2022-09-01T22:00:08', '0507-1333-0883', '4.2', '빵다무르', 34, 23279005),
       ('부산 사하구 사하로 204', '2022-09-01T15:42:59', 'https://img1.kakaocdn.net/cthumb/local/R1920x0/?fname=http%3A%2F%2Ft1.daumcdn.net%2Fplace%2F316BB0C7947545508A0BD08F19F72192', '어머니께 드리는 마음으로 정성껏 만들겠습니다.', '2022-09-01T15:42:59', '051-203-6489', '4.4', '리우', 35, 1014060903),
       ('부산 금정구 금정로119번길 14 1층', '2022-09-01T03:25:37', 'https://img1.kakaocdn.net/cthumb/local/R1920x0/?fname=http%3A%2F%2Ft1.daumcdn.net%2Flocal%2FkakaomapPhoto%2Freview%2F85861394aab7d6a0fbbaa7339cf478aaee1e540f%3Foriginal', '소사베이커리는 모두에게 익숙한 빵이라는 소재로 사람들에게 다가갑니다.', '2022-09-01T03:25:37', '010-4530-2321', '4.9', '소사베이커리 부산점', 36, 1493457719),
       ('제주특별자치도 제주시 한경면 두신로 88-1 2층', '2022-09-01T12:08:04', 'https://img1.kakaocdn.net/cthumb/local/R1920x0/?fname=http%3A%2F%2Ft1.kakaocdn.net%2Fmystore%2F179F8FDF1660410CBA7235B866C27656', '유기농 밀가루로 매일굽는 신선한 수제빵.', '2022-09-01T12:25:06', '070-4222-7771', '4.9', '이층빵집굽는아방', 38, 1877170241),
       ('제주특별자치도 제주시 한림읍 명월성로 16 1층', '2022-09-01T08:50:21', 'https://img1.kakaocdn.net/cthumb/local/R1920x0/?fname=https%3A%2F%2Fpostfiles.pstatic.net%2FMjAyMjA5MDFfMjUy%2FMDAxNjYyMDI0NzM2Mjk1.e4z7duBj2lEzV22aE1OR2TJlk5_MaL1oH8NtrMdlnX8g.SdZ6hENlUkvXS7dufiq9e2mVvQ4cEYsmnQRoGhg_HkMg.PNG.sumpine%2Fimage.png%3Ftype%3Dw773', '건너편 공터에 주차해주세요', '2022-09-01T08:50:21', '0507-1414-2343', '3.6', '이익새양과점', 39, 628140316),
       ('제주특별자치도 제주시 애월읍 고성서3길 15-5 상가동 101호', '2022-09-01T18:33:49', 'https://img1.kakaocdn.net/cthumb/local/R1920x0/?fname=https%3A%2F%2Fpostfiles.pstatic.net%2FMjAyMzA4MjlfNzYg%2FMDAxNjkzMjkwOTg5NDY2._sEGvHDrJ40dyFixXflAfSMlr1NNbtLRptiLTvAemy4g.kE59FU-zt_KaULN7gO68ioOpV1g9TEvXMA43WJx5BdYg.JPEG.moo7302%2FIMG_4131.jpg%3Ftype%3Dw773', '제주에서 재배한 밀을 사용하여 맛있는 빵을 만들고 있습니다.', '2022-09-02T11:45:31', '0507-1357-8109', '4.2', '제주밀팡제빵소', 40, 547173687),
       ('제주특별자치도 제주시 조천읍 조함해안로 552-3 1층', '2022-09-01T09:27:58', 'https://img1.kakaocdn.net/cthumb/local/R1920x0/?fname=http%3A%2F%2Ft1.daumcdn.net%2Fplace%2F79F442282AE545208ED2357EEF99EFE7', '제주도 빵지순례 맛집', '2022-09-01T09:27:58', '064-784-5404', '4.6', '오드랑베이커리', 41, 1578746387),
       ('제주특별자치도 제주시 구좌읍 김녕로 77-3 가,나,다동', '2022-09-01T13:19:05', 'https://img1.kakaocdn.net/cthumb/local/R1920x0/?fname=http%3A%2F%2Ft1.daumcdn.net%2Flocal%2FkakaomapPhoto%2Freview%2F8422a206e8e3844bb87b563468cab0cdb47d8180%3Foriginal', '빵 재고 소진시 마감하오니 3시이후 방문 예정이실 경우 전화 부탁드립니다!', '2022-09-02T11:10:28', '010-6318-0218', '4.9', '김녕빵집', 42, 977193380);


INSERT INTO review (rating, content, img, store_id)
values (4, '맛있어용 진짜루', NULL, 1),
       (3, '맛은 있는데 뭐라 말해야할지 잘 모르겠어요', 'http:', 1),
       (1, '맛 있다는 리뷰 보고 샀는데.. 맛이야 개인 취향이라고는 하지만 저는 너무 별로네요', NULL, 1),
       (5, '첨 맛보는 맛이에요!! 천상의 맛이에요 ㅋㅋㅋㅋ 저 죽으면 천국에서도 이 빵 먹을거니까 오래오래 빵 만들어주세요!', 'http:', 1),
       (5, '신선한 조합이네요 처음에 빵 비주얼을 보고 이게 맞는 조합인가 싶었는데... 제 혀가 맞는 조합이래요 ㅋㅋㅋ', NULL, 1),
       (5, '조카가 이 빵만 찾길래 ㅠㅠㅠㅠ 부산에서 올라와서 사갑니다 사장님 많이 파세요~', 'http:', 1),
       (1, '엥 맛없어', NULL, 1),
       (2, '그저 그런데...', 'http:', 1),
       (3, '매장 인테리어 이뻐요 빵은 무난해요', NULL, 1),
       (4, '짱 맛있어요 ㅋㅋㅋㅋ 근데 멤버십 없나요 사장님? 저 자주 올꺼 같아서 그래요', 'http:', 1),
       (5, '진짜진짜진짜진짜진짜진짜진짜진짜진짜진짜진짜진짜진짜진짜 맛있어요!', NULL, 1),
       (3, '빵은 괜찮은데 제 취향이 아니네요ㅠㅠㅠㅠㅠㅠ', 'http:', 1),
       (1, '우엑 이게 무슨 맛이야 최악이야 다시는 안 먹고 싶어 여기 오지 마셈 빵 진짜 별로임 하;;', 'http:', 2),
       (1, '일단 전반적으로 모험을 많이 한거 같은데 실패한 모험 같습니다. 맛이 따로 놀아요', NULL, 2),
       (5, '자주 올게요 사장님!', 'http:', 2),
       (5, '등교할 때 아침 대용으로 사가는뎅.. 너무 맛있어서 하교 때도 사먹다가.. 10kg 쪘습니다 ㅠㅠ 제 몸무게가 맛을 보증합니다!', NULL, 2),
       (3, '괜찮아요', 'http:', 3),
       (3, '무난하고 그저 그래요', NULL, 3),
       (1, '날이 이렇게나 더운데 생크림이 들어간 메뉴를 상온에다가 진열하고 있네요..', 'http:', 3),
       (5, '무난하고 그저 그래요', NULL, 3),
       (5, '완전 좋아요!', 'http:', 4),
       (5, '정말 맛있게 잘 먹었습니다. 감사합니다.', NULL, 5),
       (5, '쑥파운드케이크는 먹어봤는데 쑥쉬폰케이크는 처음이에요. 식감이 파운드케이크와는 다른데 잘 어울리고 인절미 크림이 들어갔더라고요? 크림도 맛있네요.', 'http:', 5),
       (5, '말차치즈케이크가 치즈랑 말차의 맛이 같이 나는데 이 둘이 정말 조화가 잘 되서 너무 맛있어요', NULL, 5),
       (4, '맛있었어요', 'http:', 6),
       (3, '괜찮은 편이에요', NULL, 7),
       (4, '다시 가고 싶어요', 'http:', 8),
       (5, '가격 보니까 식물성 생크림이겠거니 싶어서 먹어봤는데 동물성 생크림이더라고요! 놀랐어요 이 가격에 동물성 생크림을 사용하시다니.. 근데 크림 양이 적지도 않아서 정말 맛있어요! 사장님 또 올게요!', NULL, 9),
       (2, '기대 이하였어요 어쩌면 기대치가 너무 높았나 싶습니다....', 'http:', 10),
       (3, '보통이에요', NULL, 11),
       (4, '맛있는 토스트네요 근데 이 토스트가 맛있기가 힘들거든요 레시피나 식재료나 정해져 있어서 비슷비슷한 맛이라서 맛있기가 되게 힘들거든요 중국집 춘장도 거의 다 같은 회사꺼 쓰니까 어딜 가던 맛이 비슷하잖아요', 'http:', 12),
       (5, '아니 ㅠㅠㅠ 소세지에서 육즙이 흘러나와요 ㅋㅋㅋㅋㅋㅋ 짱이에요', NULL, 13),
       (2, '치즈가 에멘탈 치즈입니다. 에멘탈 치즈는 차가운 상태에서는 호불호가 갈리는 맛이라서 데워 먹어야하는데 전자렌지 돌리지 마시고 중탕해야 치즈 식감이 이상하지 않습니다', 'http:', 14),
       (3, '그저 그래요', NULL, 15),
       (4, '다음에 또 갈거에요', 'http:', 16),
       (5, '오늘 저녁은 삼겹살에 맥주를 마실겁니다. 왜냐고요? 제가 맥주를 좋아하거든요. 그래서 맥주에 삼겹살 먹을겁니다. ㅎㅎ', NULL, 17),
       (5, '정말 좋았어요!', 'http:', 18),
       (5, '좋아요!', NULL, 18),
       (5, '이런 빵집을 알게 되어 너무 좋습니다. 정말.. 정말 맛있습니다', 'http:', 18),
       (4, '만족합니다', NULL, 19),
       (5, '내 인생에 다시 없을 빵집..', 'http:', 19),
       (1, '민트가 느껴지지 않아요', NULL, 19),
       (4, '한정 수량인게 아쉬워요 ㅠㅠㅠㅠㅠ', 'http:', 19),
       (5, '빵이 쫄깃쫄깃합니다!!', NULL, 19),
       (5, '한달에 한번 왕복 3시간 거리를 왔다갔다 하면서 찾는 빵집', 'http:', 19),
       (4, '다 좋은데 조명이 빵과 어울리지 않는 조명이에요.', NULL, 19),
       (3, '괜찮아요.. 그냥 먹을만 해요 추천은.. 못하겠어요 괜찮아요.. 그냥 먹을만 해요 추천은.. 못하겠어요 괜찮아요.. 그냥 먹을만 해요 추천은.. 못하겠어요 괜찮아요.. 그냥 먹을만 해요 추천은.. 못하겠어요 괜찮아요.. 그냥 먹을만 해요 추천은.. 못하겠어요 ', 'http:', 20),
       (2, '별로예요', NULL, 21),
       (5, '무지 좋아요!', 'http:', 22),
       (4, '추천합니다 추천합니다 추천합니다 추천합니다 추천합니다 추천합니다 추천합니다 추천합니다 추천합니다 추천합니다 추천합니다 추천합니다 추천합니다 추천합니다 추천합니다 추천합니다 추천합니다 추천합니다 추천합니다 추천합니다 추천합니다 ', NULL, 23),
       (3, '평범해요', 'http:', 24),
       (1, '맛이 없어요', NULL, 25),
       (4, '앙버터에 버터가 숨어있어서 있는지도 몰랐어요 빵 이름을 보고 구매하는 사람은 앙은 있는데 버터가 없어서 당황할거고 안 보고 구매하는 사람은 먹다가 버터 맛에 당황할 수 있을거 같네요', 'http:', 26),
       (5, '완전 대박!', NULL, 27),
       (3, '그냥 그래요', 'http:', 28),
       (1, '실망했어요 실망했어요 실망했어요 실망했어요 실망했어요 실망했어요 실망했어요 실망했어요 실망했어요 실망했어요 실망했어요 실망했어요 실망했어요 실망했어요 실망했어요 실망했어요 실망했어요 실망했어요 실망했어요 실망했어요 ', NULL, 29),
       (4, '재방문 의사 있어요', 'http:', 30),
       (5, '매우 만족합니다!', NULL, 31),
       (3, '그저 그래요 그저 그래요 그저 그래요 그저 그래요 그저 그래요 그저 그래요 그저 그래요 그저 그래요 그저 그래요 그저 그래요 그저 그래요 그저 그래요 그저 그래요 그저 그래요 그저 그래요 그저 그래요 그저 그래요 그저 그래요 그저 그래요 그저 그래요 그저 그래요 ', 'http:', 32),
       (4, '맛있어요', NULL, 33),
       (2, '기대 이하였어요', 'http:', 34),
       (1, '별로에요', NULL, 35),
       (5, '넘넘 짱이에용! 넘넘 짱이에용! 넘넘 짱이에용! 넘넘 짱이에용! 넘넘 짱이에용! 넘넘 짱이에용! 넘넘 짱이에용! 넘넘 짱이에용! 넘넘 짱이에용! 넘넘 짱이에용! 넘넘 짱이에용! 넘넘 짱이에용! ', 'http:', 36);


INSERT INTO menu (store_id, menu_name, price, menu_desc, stock, img, ingredient)
values (1, '소금빵', 3000, '버터를 베이스로 한 빵의 표면에 소금을 뿌려, 버터의 고소한 풍미를 짭짤한 소금을 통해 강조한 빵', 1, 'https://recipe1.ezmember.co.kr/cache/recipe/2022/07/13/3ece85827dc79d024a7d169842f88c931.jpg', '밀, 소금, 버터'),
       (1, '계란빵', 1300, '짭짤한 계란과 달달한 빵 반죽의 조화로 아는 사람만 아는 단짠계의 숨은 강자', 3, 'https://i.namu.wiki/i/j65NEUGRZ3EfiC2S5eDjX3O040asWwNzKPNm0VGtNudqLjsVsRkwpBCyUZq8y18YTotVPTUccvn5CdCNUyGDlg.webp', '밀, 달걀'),
       (2, '치킨빵', 2500, '메뉴설명입니다3', 5, 'img3', '밀, 닭고기'),
       (2, '피자빵', 5000, '메뉴설명입니다4', 7, 'img4', '밀, 소세지, 토마토소스'),
       (3, '민트빵', 5000, '메뉴설명입니다5', 9, 'img5', '밀, 민트'),
       (3, '딸기크루아상', 4500, '메뉴설명입니다6', 11, 'img6', '밀, 딸기'),
       (4, '치즈빵', 3500, '메뉴설명입니다7', 2, 'img7', '밀, 치즈'),
       (4, '초코파이', 2000, '메뉴설명입니다8', 4, 'img8', '밀, 초콜렛, 마시멜로'),
       (5, '누텔라바나나토스트', 4500, '메뉴설명입니다9', 6, 'img9', '밀, 초콜렛, 바나나'),
       (5, '카야잼치즈토스트', 6000, '메뉴설명입니다10', 8, 'img10', '밀, 카야잼, 치즈'),
       (5, '버터반치즈반카야토스트', 6000, '메뉴설명입니다11', 8, 'img11', '밀, 카야잼, 치즈, 버터'),
       (6, '커스터드크림빵', 4200, '메뉴설명입니다12', 10, 'img12', '밀, 커스터드크림'),
       (6, '햄버거', 5500, '메뉴설명입니다13', 12, 'img13', '번, 다짐육, 상추, 양상추, 오이, 케찹, 마요네즈'),
       (7, '프레첼', 2600, '메뉴설명입니다14', 13, 'img14', '밀, 설탕, 소금, 버터'),
       (7, '치킨샌드위치', 4800, '메뉴설명입니다15', 2, 'img15', '밀, 닭고기, 토마토, 달걀'),
       (8, '베이컨에그머핀', 3900, '메뉴설명입니다16', 6, 'img16', '밀, 베이컨, 달걀'),
       (8, '초코크루아상', 3800, '메뉴설명입니다17', 8, 'img17', '밀, 초콜렛, 버터'),
       (9, '샌드위치', 4500, '메뉴설명입니다18', 1, 'img18', '밀, 햄, 양상추, 치즈, 달걀'),
       (9, '녹차케이크', 3400, '메뉴설명입니다19', 3, 'img19', '밀, 버터, 생크림, 달걀, 치즈, 녹차파우더, 생크림, 설탕'),
       (10, '고구마생크림빵', 2700, '메뉴설명입니다20', 9, 'img20', '밀, 생크림, 고구마'),
       (10, '삼겹살바게트', 12100, '메뉴설명입니다21', 12, 'img21', '밀, 소금, 삼겹살'),
       (11, '단팥크림빵', 3200, '메뉴설명입니다22', 8, 'img22', '밀, 팥, 생크림'),
       (11, '핫도그머핀', 4700, '메뉴설명입니다23', 7, 'img23', '밀, 소세지'),
       (12, '베이컨샌드위치', 4200, '메뉴설명입니다24', 6, 'img24', '밀, 베이컨, 토마토, 달걀'),
       (12, '소보로빵', 2900, '메뉴설명입니다25', 4, 'img25', '밀, 설탕, 소금, 버터, 달걀'),
       (13, '땅콩버터샌드위치', 4000, '메뉴설명입니다26', 5, 'img26', '밀, 땅콩버터'),
       (13, '파인애플빵', 3100, '메뉴설명입니다27', 8, 'img27', '밀, 설탕, 우유, 달걀'),
       (14, '치즈토스트', 2600, '메뉴설명입니다28', 9, 'img28', '밀, 치즈, 달걀, 케찹, 마요네즈'),
       (14, '피자크루아상', 3800, '메뉴설명입니다29', 13, 'img29', '밀, 버터, 소세지, 옥수수, 케찹, 마요네즈'),
       (15, '에그마요고로케', 3300, '메뉴설명입니다30', 3, 'img30', '밀, 햄, 달걀, 케찹, 마요네즈'),
       (15, '베이컨치즈빵', 3400, '메뉴설명입니다31', 1, 'img31', '밀, 베이컨, 치즈'),
       (16, '바타르', 3200, '메뉴설명입니다32', 2, 'img32', '밀, 소금, 양파'),
       (16, '마늘빵', 2700, '메뉴설명입니다33', 4, 'img33', '밀, 마늘, 버터'),
       (17, '애플파이', 4200, '메뉴설명입니다34', 8, 'img34', '밀, 사과'),
       (17, '파니니', 3500, '메뉴설명입니다35', 10, 'img35', '밀, 햄, 샐러드'),
       (18, '짜장고로케', 2800, '메뉴설명입니다36', 6, 'img36', '밀, 짜장소스, 양파, 돼지고기'),
       (18, '치즈마카롱', 2500, '메뉴설명입니다37', 5, 'img37', '아몬드, 슈가파우더, 버터, 달걀,'),
       (19, '초코식빵', 3200, '메뉴설명입니다38', 4, 'img38', '밀, 초콜렛'),
       (19, '카페라떼도넛', 4500, '메뉴설명입니다39', 3, 'img39', '밀, 커피, 설탕'),
       (20, '베이컨치즈크루아상', 3900, '메뉴설명입니다40', 2, 'img40', '밀, 버터, 베이컨, 치즈'),
       (20, '크로크무슈', 3800, '메뉴설명입니다41', 3, 'img41', '밀, 버터, 햄, 치즈, 베샤멜소스,'),
       (21, '모카빵', 4200, '메뉴설명입니다42', 5, 'img42', '밀, 버터, 소금, 커피가루'),
       (21, '플뤼트', 3300, '메뉴설명입니다43', 2, 'img43', '밀, 소금'),
       (22, '생크림고로케', 3500, '메뉴설명입니다44', 1, 'img44', '밀, 생크림'),
       (22, '팥크루아상', 3200, '메뉴설명입니다45', 9, 'img45', '밀, 버터, 팥'),
       (23, '연유와밀크브레드', 4000, '메뉴설명입니다46', 4, 'img46', '밀, 우유, 연유'),
       (23, '카라멜마카롱', 2500, '메뉴설명입니다47', 7, 'img47', '아몬드, 슈가파우더, 버터, 달걀, 카라멜'),
       (24, '피자토스트', 4200, '메뉴설명입니다48', 6, 'img48', '밀, 소세지, 옥수수, 케챱, 마요네즈'),
       (24, '블루베리머핀', 2900, '메뉴설명입니다49', 9, 'img49', '밀, 블루베리'),
       (25, '초코크림빵', 3300, '메뉴설명입니다50', 2, 'img50', '밀, 초콜렛'),
       (25, '아몬드크루아상', 3500, '메뉴설명입니다51', 3, 'img51', '밀, 버터, 아몬드, 아몬드크림'),
       (26, '김치치즈샌드위치', 3800, '메뉴설명입니다52', 4, 'img52', '밀, 김치, 치즈'),
       (26, '크림치즈베이글', 2800, '메뉴설명입니다53', 14, 'img53', '밀, 버터, 치즈'),
       (27, '헤이즐넛크루아상', 4100, '메뉴설명입니다54', 2, 'img54', '밀, 헤이즐넛, 버터'),
       (27, '연유호떡', 2700, '메뉴설명입니다55', 5, 'img55', '밀, 연유, 견과류'),
       (28, '우유마카롱', 3300, '메뉴설명입니다56', 7, 'img56', '아몬드, 슈가파우더, 우유, 버터, 달걀,'),
       (28, '생크림마늘빵', 4000, '메뉴설명입니다57', 9, 'img57', '밀, 생크림, 마늘, 버터, 파슬리'),
       (29, '초코러스크', 3200, '메뉴설명입니다58', 2, 'img58', '밀, 초콜렛'),
       (29, '사라다빵', 3500, '메뉴설명입니다59', 4, 'img59', '밀, 양배추, 당근, 옥수수, 달걀, 케챱, 마요네즈, 버터, 오이, 설탕'),
       (30, '핫베이컨치킨토스트', 2800, '메뉴설명입니다60', 7, 'img60', '밀, 베이컨, 닭고기, 핫소스'),
       (30, '토마토샌드위치', 4200, '메뉴설명입니다61', 6, 'img61', '밀, 토마토'),
       (31, '생크림크루아상', 3800, '메뉴설명입니다62', 8, 'img62', '밀, 버터, 생크림'),
       (31, '민초바게트', 4500, '메뉴설명입니다63', 9, 'img63', '밀, 소금, 민트, 초콜렛, 생크림'),
       (32, '오레오크루아상', 3200, '메뉴설명입니다64', 10, 'img64', '밀, 버터, 오레오'),
       (32, '딸기도넛', 2900, '메뉴설명입니다65', 11, 'img65', '밀, 딸기'),
       (33, '초코도넛', 3900, '메뉴설명입니다66', 12, 'img66', '밀, 초콜렛'),
       (33, '초코생크림빵', 3200, '메뉴설명입니다67', 9, 'img67', '밀, 초콜렛, 생크림'),
       (34, '연어샌드위치', 4800, '메뉴설명입니다68', 8, 'img68', '밀, 치즈, 연어'),
       (34, '쿠앤크프레즐', 2600, '메뉴설명입니다69', 7, 'img69', '밀, 설탕, 소금, 버터, 오레오, 우유'),
       (35, '타바티에르', 3300, '메뉴설명입니다70', 6, 'img70', '밀, 설탕, 소금'),
       (35, '초코소라빵', 4200, '메뉴설명입니다71', 5, 'img71', '밀, 초콜렛'),
       (36, '핫소스감자에그마요고로케', 3800, '메뉴설명입니다72', 4, 'img72', '밀, 감자, 양파, 치즈, 당근, 옥수수, 달걀, 마요네즈, 파슬리, 소금, 핫소스'),
       (36, '츄러스크루아상', 3900, '메뉴설명입니다73', 3, 'img73', '밀, 버터, 설탕, 소금, 계피가루, 달걀');


INSERT INTO member (nickname, email)
values ('박우현', 'hellobread1@googol.com'), --1
       ('이서진', 'hellobread2@googol.com'), --2
       ('최가을', 'hellobread3@googol.com'), --3
       ('김규리', 'hellobread4@googol.com'), --4
       ('박가율', 'hellobread5@googol.com'), --5
       ('지예은', 'hellobread6@googol.com'), --6
       ('박다혜', 'hellobread7@googol.com'), --7
       ('송형주', 'hellobread8@googol.com'), --8
       ('정호철', 'hellobread9@googol.com'), --9
       ('박윤건', 'hellobread10@googol.com'), --10
       ('권한율', 'hellobread11@googol.com'), --11
       ('이루리', 'hellobread12@googol.com'), --12
       ('성민호', 'hellobread13@googol.com'), --13
       ('한수진', 'hellobread14@googol.com'), --14
       ('권빛가람', 'hellobread15@googol.com'), --15
       ('서예은', 'hellobread16@googol.com'), --16
       ('현진우', 'hellobread17@googol.com'), --17
       ('민서영', 'hellobread18@googol.com'), --18
       ('하은지', 'hellobread19@googol.com'), --19
       ('박민규', 'hellobread20@googol.com'), --20
       ('민재호', 'hellobread21@googol.com'), --21
       ('이필현', 'hellobread22@googol.com'), --22
       ('최지연', 'hellobread23@googol.com'), --23
       ('김유원', 'hellobread24@googol.com'), --24
       ('최혜빈', 'hellobread25@googol.com'), --25
       ('안건욱', 'hellobread26@googol.com'), --26
       ('박정우', 'hellobread27@googol.com'), --27
       ('서지율', 'hellobread28@googol.com'), --28
       ('하준수', 'hellobread29@googol.com'), --29
       ('정차홍', 'hellobread30@googol.com'), --30
       ('윤재표', 'hellobread31@googol.com'), --31
       ('문영헌', 'hellobread32@googol.com'), --32
       ('조새벽', 'hellobread33@googol.com'), --33
       ('백효주', 'hellobread34@googol.com'), --34
       ('정가영', 'hellobread35@googol.com'), --35
       ('선우초롱', 'hellobread36@googol.com'); --36


INSERT INTO orders (store_id, member_id, order_status)
values (1, 1, 'ACTIVE'), --1번가게 1번손님 담는중
       (1, 2, 'CREATED'), --1번가게 2번손님 생성
       (2, 3, 'BAKING'), --2번가게 3번손님 준비중
       (2, 4, 'READY'), --2번가게 4번손님 준비완료
       (2, 5, 'PICKUP'), --2번가게 5번손님 픽업
       (3, 6, 'REVIEWED'), --3번가게 6번손님 리뷰
       (3, 7, 'CANCELED'), --3번가게 7번손님 취소
       (4, 8, 'DELETED'), --4번가게 8번손님 삭제
       (5, 9, 'BAKING'),
       (5, 9, 'CREATED'),
       (5, 9, 'ACTIVE'),
       (5, 10, 'BAKING'),
       (6, 11, 'READY'),
       (7, 12, 'PICKUP'),
       (8, 13, 'CANCELED'),
       (9, 14, 'DELETED'),
       (10, 15, 'CANCELED'),
       (11, 15, 'DELETED'),
       (12, 16, 'ACTIVE'),
       (13, 17, 'CREATED'),
       (14, 17, 'ACTIVE'),
       (15, 17, 'READY'),
       (16, 18, 'CANCELED'),
       (17, 18, 'BAKING'),
       (18, 19, 'REVIEWED'),
       (19, 20, 'CANCELED'),
       (19, 21, 'PICKUP'),
       (20, 22, 'CREATED'),
       (21, 23, 'ACTIVE'),
       (22, 23, 'BAKING'),
       (23, 24, 'CREATED'),
       (24, 25, 'PICKUP'),
       (25, 25, 'DELETED'),
       (26, 26, 'CREATED'),
       (26, 27, 'READY'),
       (26, 28, 'REVIEWED'),
       (27, 29, 'CREATED'),
       (28, 30, 'BAKING'),
       (29, 31, 'BAKING'),
       (30, 32, 'PICKUP'),
       (31, 33, 'REVIEWED'),
       (32, 34, 'CREATED'),
       (33, 35, 'READY'),
       (34, 36, 'BAKING'),
       (35, 36, 'REVIEWED'),
       (36, 36, 'CANCELED');


INSERT INTO order_menu (orders_id, menu_id, quantity)
values (1, 2, 3), --1번주문 2번메뉴 수량3개
       (2, 4, 7), --2번주문 4번메뉴 수량7개
       (2, 1, 2), --2번주문 1번메뉴 수량2개
       (3, 3, 2), --3번주문 3번메뉴 수량2개
       (4, 4, 5),
       (5, 5, 8),
       (6, 6, 11),
       (7, 7, 2),
       (8, 8, 3),
       (9, 9, 4),
       (10, 10, 5),
       (10, 10, 6),
       (11, 20, 7),
       (12, 12, 2),
       (13, 13, 4),
       (14, 14, 2),
       (15, 15, 8),
       (16, 16, 9),
       (17, 15, 10),
       (18, 18, 3),
       (19, 19, 6),
       (19, 11, 5),
       (20, 20, 9),
       (21, 21, 1),
       (22, 22, 3),
       (23, 23, 6),
       (24, 24, 8),
       (24, 28, 7),
       (25, 26, 9),
       (26, 26, 5),
       (27, 27, 8),
       (27, 28, 8),
       (27, 29, 9),
       (28, 30, 2),
       (29, 30, 7),
       (30, 31, 6),
       (31, 32, 8),
       (32, 17, 10),
       (33, 33, 6),
       (34, 34, 2),
       (35, 35, 4),
       (36, 36, 8),
       (37, 33, 2),
       (38, 32, 2),
       (39, 25, 4),
       (40, 20, 5),
       (41, 15, 3),
       (42, 12, 13),
       (43, 8, 12),
       (44, 9, 6),
       (45, 25, 4),
       (46, 20, 8);
